{
  "summaries": [
    {
      "implementation": "agent-transport-livekit",
      "concurrency": 140,
      "pacing_interval_sec": 0.02,
      "total_sessions": 140,
      "sessions_with_output": 140,
      "jitter_eligible_sessions": 140,
      "total_frames_sent": 409653,
      "total_frames_received": 98159,
      "output_to_input_frame_ratio": 0.23961499122428007,
      "throughput_fps": 755.116877192051,
      "first_frame_latency": {
        "count": 140,
        "mean": 3.647580310993362,
        "median": 3.6414888750005048,
        "std_dev": 0.011448117225713607,
        "min": 3.640327042026911,
        "max": 3.682225374970585,
        "p50": 3.6414888750005048,
        "p75": 3.6543618747527944,
        "p90": 3.6615294083778283,
        "p95": 3.6804179130966075,
        "p99": 3.6820314331399278
      },
      "post_warmup_rtt": {
        "count": 133,
        "mean": 0.6482315929549662,
        "median": 0.7266032079933211,
        "std_dev": 0.4892204260744717,
        "min": 0.0002454170025885105,
        "max": 1.4479683749959804,
        "p50": 0.7266032079933211,
        "p75": 1.0784006670000963,
        "p90": 1.2753113080048935,
        "p95": 1.3557572754099965,
        "p99": 1.4411076399870217
      },
      "rtt_latency": {
        "count": 94470,
        "mean": 23.702234683049987,
        "median": 23.312314062495716,
        "std_dev": 14.935537231153797,
        "min": 0.00040133396396413445,
        "max": 108.66616650001379,
        "p50": 23.312314062495716,
        "p75": 34.94318350998219,
        "p90": 41.94269701669109,
        "p95": 44.10259366263635,
        "p99": 45.92320031351701
      },
      "jitter": {
        "count": 93848,
        "mean": 0.013091020739042069,
        "median": 0.007553601160765696,
        "std_dev": 0.018764400904165715,
        "min": 5.892234043288619e-06,
        "max": 0.19256173279077832,
        "p50": 0.007553601160765696,
        "p75": 0.007844579947999749,
        "p90": 0.01521740116155559,
        "p95": 0.05019971867091573,
        "p99": 0.09268386852403257
      },
      "within_phrase_gap": {
        "count": 93848,
        "mean": 0.02752401719394054,
        "median": 0.020028750004712492,
        "std_dev": 0.022879632105483792,
        "min": 2.00001522898674e-06,
        "max": 0.22008574998471886,
        "p50": 0.020028750004712492,
        "p75": 0.020304031248087995,
        "p90": 0.04034984118770808,
        "p95": 0.07772373586485627,
        "p99": 0.12020788571797311
      },
      "audible_silence_gap": {
        "count": 93848,
        "mean": 0.0077445817955916875,
        "median": 2.875000471249181e-05,
        "std_dev": 0.02276572199769155,
        "min": 0.0,
        "max": 0.20008574998471887,
        "p50": 2.875000471249181e-05,
        "p75": 0.00030403124808799434,
        "p90": 0.020349841187708082,
        "p95": 0.05772373586485627,
        "p99": 0.10020788571797311
      },
      "transport_delivery": {
        "count": 0,
        "mean": 0.0,
        "median": 0.0,
        "std_dev": 0.0,
        "min": 0.0,
        "max": 0.0,
        "p50": 0.0,
        "p75": 0.0,
        "p90": 0.0,
        "p95": 0.0,
        "p99": 0.0
      },
      "pipeline_latency": {
        "count": 0,
        "mean": 0.0,
        "median": 0.0,
        "std_dev": 0.0,
        "min": 0.0,
        "max": 0.0,
        "p50": 0.0,
        "p75": 0.0,
        "p90": 0.0,
        "p95": 0.0,
        "p99": 0.0
      },
      "resources": {
        "mean_cpu": 0.0,
        "peak_cpu": 0.0,
        "mean_memory_mb": 0.0,
        "peak_memory_mb": 0.0
      }
    }
  ],
  "comparisons": []
}