{
  "summaries": [
    {
      "implementation": "agent-transport-livekit",
      "concurrency": 140,
      "pacing_interval_sec": 0.02,
      "total_sessions": 140,
      "sessions_with_output": 140,
      "jitter_eligible_sessions": 140,
      "total_frames_sent": 409629,
      "total_frames_received": 97868,
      "output_to_input_frame_ratio": 0.23891863124925236,
      "throughput_fps": 752.8613923545743,
      "first_frame_latency": {
        "count": 140,
        "mean": 3.645655682101746,
        "median": 3.641382187488489,
        "std_dev": 0.010125623360467326,
        "min": 3.6401920830248855,
        "max": 3.6816022499697283,
        "p50": 3.641382187488489,
        "p75": 3.6419108225090895,
        "p90": 3.6613015291106423,
        "p95": 3.6619695455243346,
        "p99": 3.681376416874118
      },
      "post_warmup_rtt": {
        "count": 135,
        "mean": 0.6447587425466972,
        "median": 0.7212885419721715,
        "std_dev": 0.49674698966821995,
        "min": 0.0001966660493053496,
        "max": 1.4611720829852857,
        "p50": 0.7212885419721715,
        "p75": 1.09103764599422,
        "p90": 1.2984022661927157,
        "p95": 1.361189320514677,
        "p99": 1.421186082982458
      },
      "rtt_latency": {
        "count": 94435,
        "mean": 23.65010927634931,
        "median": 23.30149533401709,
        "std_dev": 14.855281421456253,
        "min": 0.0006595830200240016,
        "max": 108.72479004203342,
        "p50": 23.30149533401709,
        "p75": 34.92212468749494,
        "p90": 42.00161578359548,
        "p95": 44.06182776670321,
        "p99": 45.84403283690102
      },
      "jitter": {
        "count": 93557,
        "mean": 0.013176830728728361,
        "median": 0.007600707190735169,
        "std_dev": 0.018844150624576648,
        "min": 8.957183612413877e-06,
        "max": 0.1925922087834497,
        "p50": 0.007600707190735169,
        "p75": 0.007847124200938173,
        "p90": 0.016174124009134278,
        "p95": 0.05121334299662159,
        "p99": 0.09260683277838874
      },
      "within_phrase_gap": {
        "count": 93557,
        "mean": 0.02757720720504401,
        "median": 0.020022000011522323,
        "std_dev": 0.022994148838678338,
        "min": 2.1249870769679546e-06,
        "max": 0.2201694159884937,
        "p50": 0.020022000011522323,
        "p75": 0.020256582996807992,
        "p90": 0.04031354158651085,
        "p95": 0.0787905502016656,
        "p99": 0.12018403998343274
      },
      "audible_silence_gap": {
        "count": 93557,
        "mean": 0.007782447734526086,
        "median": 2.2000011522322477e-05,
        "std_dev": 0.022886023890777336,
        "min": 0.0,
        "max": 0.20016941598849372,
        "p50": 2.2000011522322477e-05,
        "p75": 0.00025658299680799204,
        "p90": 0.020313541586510848,
        "p95": 0.0587905502016656,
        "p99": 0.10018403998343274
      },
      "transport_delivery": {
        "count": 0,
        "mean": 0.0,
        "median": 0.0,
        "std_dev": 0.0,
        "min": 0.0,
        "max": 0.0,
        "p50": 0.0,
        "p75": 0.0,
        "p90": 0.0,
        "p95": 0.0,
        "p99": 0.0
      },
      "pipeline_latency": {
        "count": 0,
        "mean": 0.0,
        "median": 0.0,
        "std_dev": 0.0,
        "min": 0.0,
        "max": 0.0,
        "p50": 0.0,
        "p75": 0.0,
        "p90": 0.0,
        "p95": 0.0,
        "p99": 0.0
      },
      "resources": {
        "mean_cpu": 0.0,
        "peak_cpu": 0.0,
        "mean_memory_mb": 0.0,
        "peak_memory_mb": 0.0
      }
    }
  ],
  "comparisons": []
}