{
  "summaries": [
    {
      "implementation": "agent-transport-livekit",
      "concurrency": 140,
      "pacing_interval_sec": 0.02,
      "total_sessions": 140,
      "sessions_with_output": 140,
      "jitter_eligible_sessions": 140,
      "total_frames_sent": 409654,
      "total_frames_received": 97591,
      "output_to_input_frame_ratio": 0.2382278703491239,
      "throughput_fps": 750.7709028561885,
      "first_frame_latency": {
        "count": 140,
        "mean": 3.644121643985688,
        "median": 3.641278249997413,
        "std_dev": 0.00738841672906674,
        "min": 3.640213834005408,
        "max": 3.681411041005049,
        "p50": 3.641278249997413,
        "p75": 3.641664239243255,
        "p90": 3.660843866568757,
        "p95": 3.6613266145956005,
        "p99": 3.6617800988437375
      },
      "post_warmup_rtt": {
        "count": 134,
        "mean": 0.630484175035181,
        "median": 0.7138519790023565,
        "std_dev": 0.4895902578905867,
        "min": 0.0005223749903962016,
        "max": 1.4451207910315134,
        "p50": 0.7138519790023565,
        "p75": 1.057391302252654,
        "p90": 1.2711940170673188,
        "p95": 1.3393720749067142,
        "p99": 1.4091070593625767
      },
      "rtt_latency": {
        "count": 93905,
        "mean": 23.63193136763061,
        "median": 23.321739999984857,
        "std_dev": 14.713979288442836,
        "min": 0.00022037496091797948,
        "max": 108.38570866599912,
        "p50": 23.321739999984857,
        "p75": 34.96169520902913,
        "p90": 42.06190319159068,
        "p95": 44.10323590780608,
        "p99": 45.782901978394946
      },
      "jitter": {
        "count": 93279,
        "mean": 0.01342910437885948,
        "median": 0.007736343559211045,
        "std_dev": 0.019080382393455147,
        "min": 2.322467641979742e-06,
        "max": 0.19275974043937594,
        "p50": 0.007736343559211045,
        "p75": 0.007981802034757957,
        "p90": 0.02269887695494839,
        "p95": 0.05210557734187871,
        "p99": 0.09250763565827355
      },
      "within_phrase_gap": {
        "count": 93279,
        "mean": 0.027711093560194522,
        "median": 0.020022417011205107,
        "std_dev": 0.023332420292348072,
        "min": 1.9579892978072166e-06,
        "max": 0.22047083399957046,
        "p50": 0.020022417011205107,
        "p75": 0.0202585409861058,
        "p90": 0.04055237480206415,
        "p95": 0.07981667090207324,
        "p99": 0.12021872921846807
      },
      "audible_silence_gap": {
        "count": 93279,
        "mean": 0.007960490980440566,
        "median": 2.2417011205106557e-05,
        "std_dev": 0.023194512628236918,
        "min": 0.0,
        "max": 0.20047083399957047,
        "p50": 2.2417011205106557e-05,
        "p75": 0.00025854098610579926,
        "p90": 0.02055237480206415,
        "p95": 0.05981667090207323,
        "p99": 0.10021872921846807
      },
      "transport_delivery": {
        "count": 0,
        "mean": 0.0,
        "median": 0.0,
        "std_dev": 0.0,
        "min": 0.0,
        "max": 0.0,
        "p50": 0.0,
        "p75": 0.0,
        "p90": 0.0,
        "p95": 0.0,
        "p99": 0.0
      },
      "pipeline_latency": {
        "count": 0,
        "mean": 0.0,
        "median": 0.0,
        "std_dev": 0.0,
        "min": 0.0,
        "max": 0.0,
        "p50": 0.0,
        "p75": 0.0,
        "p90": 0.0,
        "p95": 0.0,
        "p99": 0.0
      },
      "resources": {
        "mean_cpu": 0.0,
        "peak_cpu": 0.0,
        "mean_memory_mb": 0.0,
        "peak_memory_mb": 0.0
      }
    }
  ],
  "comparisons": []
}