{
  "summaries": [
    {
      "implementation": "agent-transport-livekit",
      "concurrency": 140,
      "pacing_interval_sec": 0.02,
      "total_sessions": 140,
      "sessions_with_output": 140,
      "jitter_eligible_sessions": 140,
      "total_frames_sent": 409663,
      "total_frames_received": 98247,
      "output_to_input_frame_ratio": 0.23982395285881322,
      "throughput_fps": 755.7994851914877,
      "first_frame_latency": {
        "count": 140,
        "mean": 3.644087749692595,
        "median": 3.6414804164669476,
        "std_dev": 0.007999251547420736,
        "min": 3.6403298329678364,
        "max": 3.682272209029179,
        "p50": 3.6414804164669476,
        "p75": 3.6417733230045997,
        "p90": 3.6604652250010985,
        "p95": 3.661172321124468,
        "p99": 3.681655687506427
      },
      "post_warmup_rtt": {
        "count": 137,
        "mean": 0.6285131055824322,
        "median": 0.7201064589899033,
        "std_dev": 0.49356771986003045,
        "min": 0.0003683330141939223,
        "max": 1.449223083036486,
        "p50": 0.7201064589899033,
        "p75": 1.068258708983194,
        "p90": 1.277215366763994,
        "p95": 1.3436710417619904,
        "p99": 1.4202250179997642
      },
      "rtt_latency": {
        "count": 94847,
        "mean": 23.612566266481522,
        "median": 23.221241209015716,
        "std_dev": 14.923276701558345,
        "min": 0.0009388329926878214,
        "max": 108.4653436249937,
        "p50": 23.221241209015716,
        "p75": 34.782221270987066,
        "p90": 41.942088858026544,
        "p95": 44.00258700447157,
        "p99": 45.842649113626685
      },
      "jitter": {
        "count": 93936,
        "mean": 0.013053095259458285,
        "median": 0.0075042691361166015,
        "std_dev": 0.01874951544275407,
        "min": 2.4227139075048282e-05,
        "max": 0.1926766058849164,
        "p50": 0.0075042691361166015,
        "p75": 0.007764820610755816,
        "p90": 0.016045768633485533,
        "p95": 0.05086213761649491,
        "p99": 0.09273638315615175
      },
      "within_phrase_gap": {
        "count": 93936,
        "mean": 0.02747610211838106,
        "median": 0.020025125006213784,
        "std_dev": 0.022845735383011108,
        "min": 2.00001522898674e-06,
        "max": 0.22015270800329745,
        "p50": 0.020025125006213784,
        "p75": 0.020271041023079306,
        "p90": 0.040270353987580165,
        "p95": 0.07833823973487597,
        "p99": 0.12021248527453281
      },
      "audible_silence_gap": {
        "count": 93936,
        "mean": 0.007702522790400925,
        "median": 2.51250062137838e-05,
        "std_dev": 0.02272564581559727,
        "min": 0.0,
        "max": 0.20015270800329746,
        "p50": 2.51250062137838e-05,
        "p75": 0.00027104102307930547,
        "p90": 0.020270353987580165,
        "p95": 0.058338239734875966,
        "p99": 0.1002124852745328
      },
      "transport_delivery": {
        "count": 0,
        "mean": 0.0,
        "median": 0.0,
        "std_dev": 0.0,
        "min": 0.0,
        "max": 0.0,
        "p50": 0.0,
        "p75": 0.0,
        "p90": 0.0,
        "p95": 0.0,
        "p99": 0.0
      },
      "pipeline_latency": {
        "count": 0,
        "mean": 0.0,
        "median": 0.0,
        "std_dev": 0.0,
        "min": 0.0,
        "max": 0.0,
        "p50": 0.0,
        "p75": 0.0,
        "p90": 0.0,
        "p95": 0.0,
        "p99": 0.0
      },
      "resources": {
        "mean_cpu": 0.0,
        "peak_cpu": 0.0,
        "mean_memory_mb": 0.0,
        "peak_memory_mb": 0.0
      }
    }
  ],
  "comparisons": []
}