{
  "summaries": [
    {
      "implementation": "agent-transport-rust-vad",
      "concurrency": 110,
      "pacing_interval_sec": 0.02,
      "total_sessions": 110,
      "sessions_with_output": 110,
      "jitter_eligible_sessions": 110,
      "total_frames_sent": 321539,
      "total_frames_received": 174673,
      "output_to_input_frame_ratio": 0.5432404778269511,
      "throughput_fps": 1343.6391290585786,
      "first_frame_latency": {
        "count": 110,
        "mean": 1.5815927318101537,
        "median": 1.581498208019184,
        "std_dev": 0.0004521558362804702,
        "min": 1.5805010420153849,
        "max": 1.5826787910191342,
        "p50": 1.581498208019184,
        "p75": 1.5818732290208573,
        "p90": 1.5822830336168408,
        "p95": 1.582386315095937,
        "p99": 1.582522676269291
      },
      "post_warmup_rtt": {
        "count": 99,
        "mean": 0.10728355097899571,
        "median": 0.04044562496710569,
        "std_dev": 0.13141505014626573,
        "min": 0.0003512089606374502,
        "max": 0.46406787500018254,
        "p50": 0.04044562496710569,
        "p75": 0.1837133119988721,
        "p90": 0.3237917419988662,
        "p95": 0.3837718124734237,
        "p99": 0.4243383075098971
      },
      "rtt_latency": {
        "count": 139414,
        "mean": 10.944299925490107,
        "median": 11.008914082980482,
        "std_dev": 6.3533397037206765,
        "min": 0.005260208970867097,
        "max": 23.13379516697023,
        "p50": 11.008914082980482,
        "p75": 16.41016831199522,
        "p90": 19.651685049966908,
        "p95": 20.81074416238989,
        "p99": 22.312129140499163
      },
      "jitter": {
        "count": 172751,
        "mean": 0.021466452254548084,
        "median": 0.011303548712927214,
        "std_dev": 0.05198534841861338,
        "min": 0.0003769656877883887,
        "max": 0.4686975342801853,
        "p50": 0.011303548712927214,
        "p75": 0.011415714700884483,
        "p90": 0.011805090657613537,
        "p95": 0.020474839734557382,
        "p99": 0.4084036597805644
      },
      "within_phrase_gap": {
        "count": 172751,
        "mean": 0.0312971737121151,
        "median": 0.020007790997624397,
        "std_dev": 0.05624308866519886,
        "min": 2.9999646358191967e-06,
        "max": 0.4999947079923004,
        "p50": 0.020007790997624397,
        "p75": 0.020121999987168238,
        "p90": 0.020528791996184736,
        "p95": 0.040539166977396235,
        "p99": 0.4397008334926795
      },
      "audible_silence_gap": {
        "count": 172751,
        "mean": 0.011408277212654059,
        "median": 7.790997624396861e-06,
        "std_dev": 0.05621724935545513,
        "min": 0.0,
        "max": 0.4799947079923004,
        "p50": 7.790997624396861e-06,
        "p75": 0.00012199998716823715,
        "p90": 0.0005287919961847361,
        "p95": 0.020539166977396234,
        "p99": 0.4197008334926795
      },
      "transport_delivery": {
        "count": 0,
        "mean": 0.0,
        "median": 0.0,
        "std_dev": 0.0,
        "min": 0.0,
        "max": 0.0,
        "p50": 0.0,
        "p75": 0.0,
        "p90": 0.0,
        "p95": 0.0,
        "p99": 0.0
      },
      "pipeline_latency": {
        "count": 0,
        "mean": 0.0,
        "median": 0.0,
        "std_dev": 0.0,
        "min": 0.0,
        "max": 0.0,
        "p50": 0.0,
        "p75": 0.0,
        "p90": 0.0,
        "p95": 0.0,
        "p99": 0.0
      },
      "resources": {
        "mean_cpu": 0.0,
        "peak_cpu": 0.0,
        "mean_memory_mb": 0.0,
        "peak_memory_mb": 0.0
      }
    }
  ],
  "comparisons": []
}