{
  "summaries": [
    {
      "implementation": "agent-transport-rust-vad",
      "concurrency": 110,
      "pacing_interval_sec": 0.02,
      "total_sessions": 110,
      "sessions_with_output": 110,
      "jitter_eligible_sessions": 110,
      "total_frames_sent": 321570,
      "total_frames_received": 176040,
      "output_to_input_frame_ratio": 0.5474391267842149,
      "throughput_fps": 1346.8314533397208,
      "first_frame_latency": {
        "count": 110,
        "mean": 1.581979929954237,
        "median": 1.58137749999878,
        "std_dev": 0.0033816153900570636,
        "min": 1.5788243749993853,
        "max": 1.601577666006051,
        "p50": 1.58137749999878,
        "p75": 1.5818283854750916,
        "p90": 1.5823454291909003,
        "p95": 1.5832087732618674,
        "p99": 1.6008333713095635
      },
      "post_warmup_rtt": {
        "count": 100,
        "mean": 0.09306604372046422,
        "median": 0.020836687472183257,
        "std_dev": 0.12378335280994049,
        "min": 0.0004302499582991004,
        "max": 0.4409153340384364,
        "p50": 0.020836687472183257,
        "p75": 0.1595757502655033,
        "p90": 0.3031923291913701,
        "p95": 0.3619395558605901,
        "p99": 0.43589743582473606
      },
      "rtt_latency": {
        "count": 142266,
        "mean": 10.869315968402141,
        "median": 10.802220208512153,
        "std_dev": 6.326791847361284,
        "min": 0.0005284160142764449,
        "max": 23.7627603749861,
        "p50": 10.802220208512153,
        "p75": 16.30161309374671,
        "p90": 19.58128689599107,
        "p95": 20.741504552483093,
        "p99": 22.281436467028108
      },
      "jitter": {
        "count": 174305,
        "mean": 0.021953321684092357,
        "median": 0.0116785215602793,
        "std_dev": 0.05224814367649991,
        "min": 2.7019491644929283e-05,
        "max": 0.4683320194792397,
        "p50": 0.0116785215602793,
        "p75": 0.011877605555818994,
        "p90": 0.012419880173874666,
        "p95": 0.03166343931039574,
        "p99": 0.38821694838417914
      },
      "within_phrase_gap": {
        "count": 174305,
        "mean": 0.03166810555081593,
        "median": 0.020014917012304068,
        "std_dev": 0.05667289343773986,
        "min": 2.415967173874378e-06,
        "max": 0.5000001250300556,
        "p50": 0.020014917012304068,
        "p75": 0.020223792002070695,
        "p90": 0.02085056658834219,
        "p95": 0.048208183224773965,
        "p99": 0.4198850539349951
      },
      "audible_silence_gap": {
        "count": 174305,
        "mean": 0.011840979980327867,
        "median": 1.4917012304067195e-05,
        "std_dev": 0.056631302981452906,
        "min": 0.0,
        "max": 0.4800001250300556,
        "p50": 1.4917012304067195e-05,
        "p75": 0.00022379200207069475,
        "p90": 0.0008505665883421896,
        "p95": 0.028208183224773965,
        "p99": 0.39988505393499507
      },
      "transport_delivery": {
        "count": 0,
        "mean": 0.0,
        "median": 0.0,
        "std_dev": 0.0,
        "min": 0.0,
        "max": 0.0,
        "p50": 0.0,
        "p75": 0.0,
        "p90": 0.0,
        "p95": 0.0,
        "p99": 0.0
      },
      "pipeline_latency": {
        "count": 0,
        "mean": 0.0,
        "median": 0.0,
        "std_dev": 0.0,
        "min": 0.0,
        "max": 0.0,
        "p50": 0.0,
        "p75": 0.0,
        "p90": 0.0,
        "p95": 0.0,
        "p99": 0.0
      },
      "resources": {
        "mean_cpu": 0.0,
        "peak_cpu": 0.0,
        "mean_memory_mb": 0.0,
        "peak_memory_mb": 0.0
      }
    }
  ],
  "comparisons": []
}