{
  "summaries": [
    {
      "implementation": "agent-transport-rust-vad",
      "concurrency": 110,
      "pacing_interval_sec": 0.02,
      "total_sessions": 110,
      "sessions_with_output": 110,
      "jitter_eligible_sessions": 110,
      "total_frames_sent": 321526,
      "total_frames_received": 175620,
      "output_to_input_frame_ratio": 0.5462077716887592,
      "throughput_fps": 1350.914193799815,
      "first_frame_latency": {
        "count": 110,
        "mean": 1.581437019715403,
        "median": 1.5814823535038158,
        "std_dev": 0.0005118851307786941,
        "min": 1.5804261660086922,
        "max": 1.5829302499769256,
        "p50": 1.5814823535038158,
        "p75": 1.5817725312663242,
        "p90": 1.5820404292084276,
        "p95": 1.5821560978045455,
        "p99": 1.5827606112405193
      },
      "post_warmup_rtt": {
        "count": 101,
        "mean": 0.09814089563350184,
        "median": 0.03797975002089515,
        "std_dev": 0.12796560387600808,
        "min": 0.00014420796651393175,
        "max": 0.482260667020455,
        "p50": 0.03797975002089515,
        "p75": 0.16273591702338308,
        "p90": 0.3185329170082696,
        "p95": 0.37833362503442913,
        "p99": 0.46186629199655727
      },
      "rtt_latency": {
        "count": 139664,
        "mean": 10.818355693469346,
        "median": 10.804311624495313,
        "std_dev": 6.277686473783749,
        "min": 0.001122749992646277,
        "max": 23.10857658297755,
        "p50": 10.804311624495313,
        "p75": 16.20461294821871,
        "p90": 19.44561178399017,
        "p95": 20.6052054062573,
        "p99": 22.045399631846813
      },
      "jitter": {
        "count": 173666,
        "mean": 0.021066641780572673,
        "median": 0.011071386920630075,
        "std_dev": 0.05124416705311725,
        "min": 1.044711203586346e-05,
        "max": 0.46890544606245393,
        "p50": 0.011071386920630075,
        "p75": 0.011200636915273107,
        "p90": 0.011639344912364222,
        "p95": 0.016676032929208204,
        "p99": 0.3889306153763392
      },
      "within_phrase_gap": {
        "count": 173666,
        "mean": 0.031064344918231554,
        "median": 0.0200080830254592,
        "std_dev": 0.05540548757008422,
        "min": 2.249958924949169e-06,
        "max": 0.4999697909806855,
        "p50": 0.0200080830254592,
        "p75": 0.02013741701375693,
        "p90": 0.02057785401120782,
        "p95": 0.027497697519720532,
        "p99": 0.4199949602945708
      },
      "audible_silence_gap": {
        "count": 173666,
        "mean": 0.011194125732437893,
        "median": 8.083025459199727e-06,
        "std_dev": 0.055374955318433866,
        "min": 0.0,
        "max": 0.4799697909806855,
        "p50": 8.083025459199727e-06,
        "p75": 0.0001374170137569304,
        "p90": 0.0005778540112078186,
        "p95": 0.007497697519720532,
        "p99": 0.39999496029457077
      },
      "transport_delivery": {
        "count": 0,
        "mean": 0.0,
        "median": 0.0,
        "std_dev": 0.0,
        "min": 0.0,
        "max": 0.0,
        "p50": 0.0,
        "p75": 0.0,
        "p90": 0.0,
        "p95": 0.0,
        "p99": 0.0
      },
      "pipeline_latency": {
        "count": 0,
        "mean": 0.0,
        "median": 0.0,
        "std_dev": 0.0,
        "min": 0.0,
        "max": 0.0,
        "p50": 0.0,
        "p75": 0.0,
        "p90": 0.0,
        "p95": 0.0,
        "p99": 0.0
      },
      "resources": {
        "mean_cpu": 0.0,
        "peak_cpu": 0.0,
        "mean_memory_mb": 0.0,
        "peak_memory_mb": 0.0
      }
    }
  ],
  "comparisons": []
}