{
  "summaries": [
    {
      "implementation": "agent-transport-rust-vad",
      "concurrency": 110,
      "pacing_interval_sec": 0.02,
      "total_sessions": 110,
      "sessions_with_output": 110,
      "jitter_eligible_sessions": 110,
      "total_frames_sent": 321517,
      "total_frames_received": 176040,
      "output_to_input_frame_ratio": 0.547529368587042,
      "throughput_fps": 1354.2621827847108,
      "first_frame_latency": {
        "count": 110,
        "mean": 1.581322106847603,
        "median": 1.5813101665116847,
        "std_dev": 0.0005361359182038578,
        "min": 1.5802190829999745,
        "max": 1.583870125003159,
        "p50": 1.5813101665116847,
        "p75": 1.5816473017184762,
        "p90": 1.581855474720942,
        "p95": 1.582105566287646,
        "p99": 1.582600227596704
      },
      "post_warmup_rtt": {
        "count": 103,
        "mean": 0.09518194296939787,
        "median": 0.018934708030428737,
        "std_dev": 0.12912185723596825,
        "min": 0.00031887501245364547,
        "max": 0.4989621670101769,
        "p50": 0.018934708030428737,
        "p75": 0.15391597952111624,
        "p90": 0.30519092500908296,
        "p95": 0.38472179619129726,
        "p99": 0.47038310131174527
      },
      "rtt_latency": {
        "count": 139341,
        "mean": 10.634246852744115,
        "median": 10.5418995830114,
        "std_dev": 6.252987557934538,
        "min": 0.0005880839889869094,
        "max": 22.723812707990874,
        "p50": 10.5418995830114,
        "p75": 16.04190033301711,
        "p90": 19.322685207996983,
        "p95": 20.50263145804638,
        "p99": 21.96259249178693
      },
      "jitter": {
        "count": 174097,
        "mean": 0.021003339784098577,
        "median": 0.011072814125570995,
        "std_dev": 0.050593710663444494,
        "min": 1.4356114904922473e-05,
        "max": 0.46892818586341706,
        "p50": 0.011072814125570995,
        "p75": 0.01121619012998749,
        "p90": 0.011662206506359917,
        "p95": 0.03104643109115172,
        "p99": 0.38874713355349044
      },
      "within_phrase_gap": {
        "count": 174097,
        "mean": 0.031065356113019926,
        "median": 0.020008624996989965,
        "std_dev": 0.05478014093430789,
        "min": 2.2919848561286926e-06,
        "max": 0.499993541976437,
        "p50": 0.020008624996989965,
        "p75": 0.020153041987214237,
        "p90": 0.02061297479085624,
        "p95": 0.04771928340196579,
        "p99": 0.41981248966651036
      },
      "audible_silence_gap": {
        "count": 174097,
        "mean": 0.01122181726840001,
        "median": 8.624996989965023e-06,
        "std_dev": 0.05474043875304875,
        "min": 0.0,
        "max": 0.47999354197643695,
        "p50": 8.624996989965023e-06,
        "p75": 0.00015304198721423704,
        "p90": 0.0006129747908562416,
        "p95": 0.027719283401965784,
        "p99": 0.39981248966651034
      },
      "transport_delivery": {
        "count": 0,
        "mean": 0.0,
        "median": 0.0,
        "std_dev": 0.0,
        "min": 0.0,
        "max": 0.0,
        "p50": 0.0,
        "p75": 0.0,
        "p90": 0.0,
        "p95": 0.0,
        "p99": 0.0
      },
      "pipeline_latency": {
        "count": 0,
        "mean": 0.0,
        "median": 0.0,
        "std_dev": 0.0,
        "min": 0.0,
        "max": 0.0,
        "p50": 0.0,
        "p75": 0.0,
        "p90": 0.0,
        "p95": 0.0,
        "p99": 0.0
      },
      "resources": {
        "mean_cpu": 0.0,
        "peak_cpu": 0.0,
        "mean_memory_mb": 0.0,
        "peak_memory_mb": 0.0
      }
    }
  ],
  "comparisons": []
}