{
  "summaries": [
    {
      "implementation": "direct-pipecat",
      "concurrency": 50,
      "pacing_interval_sec": 0.04,
      "total_sessions": 50,
      "sessions_with_output": 50,
      "jitter_eligible_sessions": 50,
      "total_frames_sent": 146915,
      "total_frames_received": 27443,
      "output_to_input_frame_ratio": 0.18679508559371064,
      "throughput_fps": 211.09253584909078,
      "first_frame_latency": {
        "count": 50,
        "mean": 1.8736646333208773,
        "median": 1.8734066250326578,
        "std_dev": 0.0019573627668857414,
        "min": 1.8699198749964125,
        "max": 1.8794607919990085,
        "p50": 1.8734066250326578,
        "p75": 1.8749239479657263,
        "p90": 1.8764909496996551,
        "p95": 1.8771511314029339,
        "p99": 1.8786363871040521
      },
      "post_warmup_rtt": {
        "count": 43,
        "mean": 0.2517091966244977,
        "median": 0.19254404201637954,
        "std_dev": 0.23280654782577265,
        "min": 0.00018541596364229918,
        "max": 0.7139319999841973,
        "p50": 0.19254404201637954,
        "p75": 0.4353488124907017,
        "p90": 0.611507391172927,
        "p95": 0.6704585369036067,
        "p99": 0.7061103924922645
      },
      "rtt_latency": {
        "count": 26472,
        "mean": 23.681258909033307,
        "median": 23.696820604003733,
        "std_dev": 13.694025926601617,
        "min": 0.010731249989476055,
        "max": 47.89452508301474,
        "p50": 23.696820604003733,
        "p75": 35.53677163574321,
        "p90": 42.61680433360743,
        "p95": 45.06482322674997,
        "p99": 46.94964628768619
      },
      "jitter": {
        "count": 25278,
        "mean": 0.025803827706111466,
        "median": 0.01425926513043227,
        "std_dev": 0.04055146859240955,
        "min": 0.003370952623709983,
        "max": 0.19210496439477434,
        "p50": 0.01425926513043227,
        "p75": 0.014627306888042896,
        "p90": 0.015753890125825946,
        "p95": 0.18333280554793313,
        "p99": 0.18731036576845222
      },
      "within_phrase_gap": {
        "count": 25278,
        "mean": 0.05427207763427863,
        "median": 0.04010689602000639,
        "std_dev": 0.048065155042794405,
        "min": 0.018189582973718643,
        "max": 0.24637704202905297,
        "p50": 0.04010689602000639,
        "p75": 0.040741177028394304,
        "p90": 0.04231568296672776,
        "p95": 0.23760488318221176,
        "p99": 0.24158244340273086
      },
      "audible_silence_gap": {
        "count": 25278,
        "mean": 0.014449917843383116,
        "median": 0.00010689602000638759,
        "std_dev": 0.04800877488381607,
        "min": 0.0,
        "max": 0.20637704202905297,
        "p50": 0.00010689602000638759,
        "p75": 0.0007411770283943034,
        "p90": 0.002315682966727762,
        "p95": 0.19760488318221175,
        "p99": 0.20158244340273085
      },
      "transport_delivery": {
        "count": 0,
        "mean": 0.0,
        "median": 0.0,
        "std_dev": 0.0,
        "min": 0.0,
        "max": 0.0,
        "p50": 0.0,
        "p75": 0.0,
        "p90": 0.0,
        "p95": 0.0,
        "p99": 0.0
      },
      "pipeline_latency": {
        "count": 0,
        "mean": 0.0,
        "median": 0.0,
        "std_dev": 0.0,
        "min": 0.0,
        "max": 0.0,
        "p50": 0.0,
        "p75": 0.0,
        "p90": 0.0,
        "p95": 0.0,
        "p99": 0.0
      },
      "resources": {
        "mean_cpu": 47.3046511627907,
        "peak_cpu": 127.7,
        "mean_memory_mb": 2573.2153585271317,
        "peak_memory_mb": 3517.28125
      }
    }
  ],
  "comparisons": []
}