{
  "summaries": [
    {
      "implementation": "direct-pipecat",
      "concurrency": 50,
      "pacing_interval_sec": 0.04,
      "total_sessions": 50,
      "sessions_with_output": 50,
      "jitter_eligible_sessions": 50,
      "total_frames_sent": 146919,
      "total_frames_received": 27398,
      "output_to_input_frame_ratio": 0.1864837087102417,
      "throughput_fps": 210.75033378396856,
      "first_frame_latency": {
        "count": 50,
        "mean": 1.8754257792176212,
        "median": 1.8752506040327717,
        "std_dev": 0.002911776717591122,
        "min": 1.8713752499897964,
        "max": 1.8844052499625832,
        "p50": 1.8752506040327717,
        "p75": 1.8771406984888017,
        "p90": 1.8782355790550356,
        "p95": 1.881341083845473,
        "p99": 1.8840793387265875
      },
      "post_warmup_rtt": {
        "count": 46,
        "mean": 0.23806488221895922,
        "median": 0.16248808352975175,
        "std_dev": 0.233677130640656,
        "min": 0.00023375003365799785,
        "max": 0.7157477909931913,
        "p50": 0.16248808352975175,
        "p75": 0.41123502103437204,
        "p90": 0.6126976665109396,
        "p95": 0.6683293122623581,
        "p99": 0.7071582287899218
      },
      "rtt_latency": {
        "count": 26432,
        "mean": 23.692739499717458,
        "median": 23.71866152100847,
        "std_dev": 13.701255346585572,
        "min": 0.0027135409764014184,
        "max": 47.892645917017944,
        "p50": 23.71866152100847,
        "p75": 35.53919579126523,
        "p90": 42.65154736720725,
        "p95": 45.099526181080726,
        "p99": 46.989447665726175
      },
      "jitter": {
        "count": 25233,
        "mean": 0.025800661021466463,
        "median": 0.01434622895152466,
        "std_dev": 0.04058197089152557,
        "min": 6.0187924589678865e-05,
        "max": 0.2019363130867186,
        "p50": 0.01434622895152466,
        "p75": 0.014936228962085858,
        "p90": 0.016314129116415693,
        "p95": 0.18223029605165897,
        "p99": 0.187838804626901
      },
      "within_phrase_gap": {
        "count": 25233,
        "mean": 0.05451747895398335,
        "median": 0.04038829205092043,
        "std_dev": 0.048089192866851566,
        "min": 0.02334633399732411,
        "max": 0.25645379204070196,
        "p50": 0.04038829205092043,
        "p75": 0.04128720797598362,
        "p90": 0.043206233577802775,
        "p95": 0.2367477750056423,
        "p99": 0.24235628358088435
      },
      "audible_silence_gap": {
        "count": 25233,
        "mean": 0.014719941995956982,
        "median": 0.000388292050920426,
        "std_dev": 0.04802426229462542,
        "min": 0.0,
        "max": 0.21645379204070195,
        "p50": 0.000388292050920426,
        "p75": 0.0012872079759836189,
        "p90": 0.0032062335778027754,
        "p95": 0.1967477750056423,
        "p99": 0.20235628358088434
      },
      "transport_delivery": {
        "count": 0,
        "mean": 0.0,
        "median": 0.0,
        "std_dev": 0.0,
        "min": 0.0,
        "max": 0.0,
        "p50": 0.0,
        "p75": 0.0,
        "p90": 0.0,
        "p95": 0.0,
        "p99": 0.0
      },
      "pipeline_latency": {
        "count": 0,
        "mean": 0.0,
        "median": 0.0,
        "std_dev": 0.0,
        "min": 0.0,
        "max": 0.0,
        "p50": 0.0,
        "p75": 0.0,
        "p90": 0.0,
        "p95": 0.0,
        "p99": 0.0
      },
      "resources": {
        "mean_cpu": 47.674615384615386,
        "peak_cpu": 118.7,
        "mean_memory_mb": 2096.123798076923,
        "peak_memory_mb": 3435.96875
      }
    }
  ],
  "comparisons": []
}