{
  "summaries": [
    {
      "implementation": "direct-pipecat",
      "concurrency": 50,
      "pacing_interval_sec": 0.04,
      "total_sessions": 50,
      "sessions_with_output": 50,
      "jitter_eligible_sessions": 50,
      "total_frames_sent": 146916,
      "total_frames_received": 27428,
      "output_to_input_frame_ratio": 0.1866917149936018,
      "throughput_fps": 210.98415798232833,
      "first_frame_latency": {
        "count": 50,
        "mean": 1.8750397524994333,
        "median": 1.8737992084934376,
        "std_dev": 0.00635375441807331,
        "min": 1.8701532499981113,
        "max": 1.9078054999699816,
        "p50": 1.8737992084934376,
        "p75": 1.875075958960224,
        "p90": 1.8766050331178121,
        "p95": 1.8795923686062452,
        "p99": 1.9045104538224404
      },
      "post_warmup_rtt": {
        "count": 45,
        "mean": 0.24223108886896322,
        "median": 0.18058874999405816,
        "std_dev": 0.23241249313460813,
        "min": 0.0007987919962033629,
        "max": 0.7151543750078417,
        "p50": 0.18058874999405816,
        "p75": 0.41641324997181073,
        "p90": 0.6089419749914669,
        "p95": 0.6510777171934023,
        "p99": 0.7068428665143438
      },
      "rtt_latency": {
        "count": 26464,
        "mean": 23.688702561608007,
        "median": 23.71841529197991,
        "std_dev": 13.692513839526013,
        "min": 0.00016904197400435805,
        "max": 47.90147033298854,
        "p50": 23.71841529197991,
        "p75": 35.538249260222074,
        "p90": 42.635259607888294,
        "p95": 45.07705007051991,
        "p99": 46.96267914674186
      },
      "jitter": {
        "count": 25263,
        "mean": 0.02577381874633591,
        "median": 0.01432998698906833,
        "std_dev": 0.04055757108699015,
        "min": 0.00010269600203120788,
        "max": 0.19729434600561996,
        "p50": 0.01432998698906833,
        "p75": 0.014767320528662295,
        "p90": 0.01597200339197972,
        "p95": 0.18221469566455234,
        "p99": 0.18771421962297663
      },
      "within_phrase_gap": {
        "count": 25263,
        "mean": 0.05440515401311079,
        "median": 0.040219958988018334,
        "std_dev": 0.048054201743918674,
        "min": 0.024576166993938386,
        "max": 0.25169950001873076,
        "p50": 0.040219958988018334,
        "p75": 0.04106295798555948,
        "p90": 0.04292944958433509,
        "p95": 0.23661984967766314,
        "p99": 0.24211937363608743
      },
      "audible_silence_gap": {
        "count": 25263,
        "mean": 0.014586102089451792,
        "median": 0.00021995898801833308,
        "std_dev": 0.04799660324902872,
        "min": 0.0,
        "max": 0.21169950001873075,
        "p50": 0.00021995898801833308,
        "p75": 0.0010629579855594776,
        "p90": 0.0029294495843350857,
        "p95": 0.19661984967766313,
        "p99": 0.20211937363608742
      },
      "transport_delivery": {
        "count": 0,
        "mean": 0.0,
        "median": 0.0,
        "std_dev": 0.0,
        "min": 0.0,
        "max": 0.0,
        "p50": 0.0,
        "p75": 0.0,
        "p90": 0.0,
        "p95": 0.0,
        "p99": 0.0
      },
      "pipeline_latency": {
        "count": 0,
        "mean": 0.0,
        "median": 0.0,
        "std_dev": 0.0,
        "min": 0.0,
        "max": 0.0,
        "p50": 0.0,
        "p75": 0.0,
        "p90": 0.0,
        "p95": 0.0,
        "p99": 0.0
      },
      "resources": {
        "mean_cpu": 47.87923076923077,
        "peak_cpu": 101.2,
        "mean_memory_mb": 2692.4055288461536,
        "peak_memory_mb": 3596.046875
      }
    }
  ],
  "comparisons": []
}