{
  "summaries": [
    {
      "implementation": "direct-pipecat",
      "concurrency": 50,
      "pacing_interval_sec": 0.04,
      "total_sessions": 50,
      "sessions_with_output": 50,
      "jitter_eligible_sessions": 50,
      "total_frames_sent": 146914,
      "total_frames_received": 27406,
      "output_to_input_frame_ratio": 0.1865445090324952,
      "throughput_fps": 210.8089362262738,
      "first_frame_latency": {
        "count": 50,
        "mean": 1.8746224700217136,
        "median": 1.874483062478248,
        "std_dev": 0.002264640667448435,
        "min": 1.8704232500167564,
        "max": 1.8863304589758627,
        "p50": 1.874483062478248,
        "p75": 1.8754670725029428,
        "p90": 1.8765252458979376,
        "p95": 1.876587185738026,
        "p99": 1.8822870603343471
      },
      "post_warmup_rtt": {
        "count": 44,
        "mean": 0.24687277277090205,
        "median": 0.1816462500137277,
        "std_dev": 0.2314791023844666,
        "min": 0.004786208039149642,
        "max": 0.711310249986127,
        "p50": 0.1816462500137277,
        "p75": 0.4229302495077718,
        "p90": 0.6068561706750188,
        "p95": 0.670020990059129,
        "p99": 0.7055690873507411
      },
      "rtt_latency": {
        "count": 26439,
        "mean": 23.688128548927168,
        "median": 23.70033170800889,
        "std_dev": 13.702499776147585,
        "min": 0.000653332972433418,
        "max": 47.928720415977295,
        "p50": 23.70033170800889,
        "p75": 35.55301206250442,
        "p90": 42.63584573318949,
        "p95": 45.078190054785225,
        "p99": 46.97404315853491
      },
      "jitter": {
        "count": 25241,
        "mean": 0.02579848481353197,
        "median": 0.014377216952480058,
        "std_dev": 0.04054909777444451,
        "min": 2.6840976997892507e-05,
        "max": 0.2150301160015169,
        "p50": 0.014377216952480058,
        "p75": 0.014832674902490954,
        "p90": 0.01605509195206655,
        "p95": 0.18196853404669122,
        "p99": 0.18783090904625163
      },
      "within_phrase_gap": {
        "count": 25241,
        "mean": 0.05449479995723782,
        "median": 0.04028858296805993,
        "std_dev": 0.048060286609585466,
        "min": 0.01592150004580617,
        "max": 0.2695249159587547,
        "p50": 0.04028858296805993,
        "p75": 0.0412175829987973,
        "p90": 0.04303016699850559,
        "p95": 0.23646333400392905,
        "p99": 0.24232570900348946
      },
      "audible_silence_gap": {
        "count": 25241,
        "mean": 0.014667793183749119,
        "median": 0.0002885829680599264,
        "std_dev": 0.0480041885068454,
        "min": 0.0,
        "max": 0.2295249159587547,
        "p50": 0.0002885829680599264,
        "p75": 0.0012175829987972966,
        "p90": 0.0030301669985055915,
        "p95": 0.19646333400392904,
        "p99": 0.20232570900348945
      },
      "transport_delivery": {
        "count": 0,
        "mean": 0.0,
        "median": 0.0,
        "std_dev": 0.0,
        "min": 0.0,
        "max": 0.0,
        "p50": 0.0,
        "p75": 0.0,
        "p90": 0.0,
        "p95": 0.0,
        "p99": 0.0
      },
      "pipeline_latency": {
        "count": 0,
        "mean": 0.0,
        "median": 0.0,
        "std_dev": 0.0,
        "min": 0.0,
        "max": 0.0,
        "p50": 0.0,
        "p75": 0.0,
        "p90": 0.0,
        "p95": 0.0,
        "p99": 0.0
      },
      "resources": {
        "mean_cpu": 46.738461538461536,
        "peak_cpu": 153.5,
        "mean_memory_mb": 2668.9542067307693,
        "peak_memory_mb": 3317.921875
      }
    }
  ],
  "comparisons": []
}