{
  "summaries": [
    {
      "implementation": "direct-pipecat",
      "concurrency": 50,
      "pacing_interval_sec": 0.04,
      "total_sessions": 50,
      "sessions_with_output": 50,
      "jitter_eligible_sessions": 50,
      "total_frames_sent": 146915,
      "total_frames_received": 27398,
      "output_to_input_frame_ratio": 0.18648878603274002,
      "throughput_fps": 210.7488794366103,
      "first_frame_latency": {
        "count": 50,
        "mean": 1.874847075860016,
        "median": 1.8744002085004468,
        "std_dev": 0.0021057284514850814,
        "min": 1.8709404169931076,
        "max": 1.8810012500034645,
        "p50": 1.8744002085004468,
        "p75": 1.8756619797204621,
        "p90": 1.8777831285027786,
        "p95": 1.8787470667157322,
        "p99": 1.880550307413214
      },
      "post_warmup_rtt": {
        "count": 43,
        "mean": 0.2528431714393285,
        "median": 0.1922071250155568,
        "std_dev": 0.2331543846631756,
        "min": 0.0006357499514706433,
        "max": 0.7154021249734797,
        "p50": 0.1922071250155568,
        "p75": 0.42624614550732076,
        "p90": 0.6124774168245495,
        "p95": 0.6687761826673523,
        "p99": 0.7075874827627558
      },
      "rtt_latency": {
        "count": 26434,
        "mean": 23.701385092097933,
        "median": 23.749473354022484,
        "std_dev": 13.707771092613234,
        "min": 0.000381499994546175,
        "max": 48.02938841696596,
        "p50": 23.749473354022484,
        "p75": 35.57577686473087,
        "p90": 42.65201551247155,
        "p95": 45.09922021689999,
        "p99": 46.98577418690081
      },
      "jitter": {
        "count": 25233,
        "mean": 0.025857926636400356,
        "median": 0.014404811919906273,
        "std_dev": 0.04060245442145442,
        "min": 0.00036364704113723417,
        "max": 0.21071289605437116,
        "p50": 0.014404811919906273,
        "p75": 0.014842394879327252,
        "p90": 0.016202002717421483,
        "p95": 0.18206274667730818,
        "p99": 0.18793016364308343
      },
      "within_phrase_gap": {
        "count": 25233,
        "mean": 0.05449164492334901,
        "median": 0.04024966596625745,
        "std_dev": 0.04813721715034789,
        "min": 0.0033020000555552542,
        "max": 0.26520454097772017,
        "p50": 0.04024966596625745,
        "p75": 0.041160999971907586,
        "p90": 0.04322401684476063,
        "p95": 0.2365543916006572,
        "p99": 0.24242180856643245
      },
      "audible_silence_gap": {
        "count": 25233,
        "mean": 0.014692313201402232,
        "median": 0.00024966596625745213,
        "std_dev": 0.048069830804334905,
        "min": 0.0,
        "max": 0.22520454097772016,
        "p50": 0.00024966596625745213,
        "p75": 0.001160999971907585,
        "p90": 0.0032240168447606253,
        "p95": 0.19655439160065719,
        "p99": 0.20242180856643244
      },
      "transport_delivery": {
        "count": 0,
        "mean": 0.0,
        "median": 0.0,
        "std_dev": 0.0,
        "min": 0.0,
        "max": 0.0,
        "p50": 0.0,
        "p75": 0.0,
        "p90": 0.0,
        "p95": 0.0,
        "p99": 0.0
      },
      "pipeline_latency": {
        "count": 0,
        "mean": 0.0,
        "median": 0.0,
        "std_dev": 0.0,
        "min": 0.0,
        "max": 0.0,
        "p50": 0.0,
        "p75": 0.0,
        "p90": 0.0,
        "p95": 0.0,
        "p99": 0.0
      },
      "resources": {
        "mean_cpu": 49.4953488372093,
        "peak_cpu": 125.5,
        "mean_memory_mb": 2026.8028100775193,
        "peak_memory_mb": 2766.28125
      }
    }
  ],
  "comparisons": []
}