{
  "summaries": [
    {
      "implementation": "agent-transport-livekit",
      "concurrency": 140,
      "pacing_interval_sec": 0.02,
      "total_sessions": 140,
      "sessions_with_output": 140,
      "jitter_eligible_sessions": 140,
      "total_frames_sent": 409664,
      "total_frames_received": 98215,
      "output_to_input_frame_ratio": 0.2397452546477113,
      "throughput_fps": 755.5472415619566,
      "first_frame_latency": {
        "count": 140,
        "mean": 3.642545887183847,
        "median": 3.6413176874630153,
        "std_dev": 0.00478776694755258,
        "min": 3.6402142500155605,
        "max": 3.662118833977729,
        "p50": 3.6413176874630153,
        "p75": 3.6416120517242234,
        "p90": 3.642148591618752,
        "p95": 3.660510097639053,
        "p99": 3.661247084863717
      },
      "post_warmup_rtt": {
        "count": 134,
        "mean": 0.6111022163344957,
        "median": 0.6911141875025351,
        "std_dev": 0.48387743519954135,
        "min": 0.00020937499357387424,
        "max": 1.4320690840249881,
        "p50": 0.6911141875025351,
        "p75": 1.0403040935198078,
        "p90": 1.247170299908612,
        "p95": 1.319365424438729,
        "p99": 1.3998789612692777
      },
      "rtt_latency": {
        "count": 94726,
        "mean": 23.66299343572863,
        "median": 23.361444395966828,
        "std_dev": 14.917466006893632,
        "min": 0.00021091598318889737,
        "max": 108.80272924999008,
        "p50": 23.361444395966828,
        "p75": 34.92150889526238,
        "p90": 41.941254749981454,
        "p95": 44.04122417677718,
        "p99": 45.822600833751494
      },
      "jitter": {
        "count": 93901,
        "mean": 0.013125807035606483,
        "median": 0.007579610201952965,
        "std_dev": 0.018823519307814958,
        "min": 4.494421505740406e-05,
        "max": 0.19278243075036072,
        "p50": 0.007579610201952965,
        "p75": 0.007778111247768612,
        "p90": 0.014066278220577152,
        "p95": 0.05147355581079238,
        "p99": 0.09261188873001003
      },
      "within_phrase_gap": {
        "count": 93901,
        "mean": 0.027555569234261276,
        "median": 0.020021374977659434,
        "std_dev": 0.022948021471744774,
        "min": 2.125045284628868e-06,
        "max": 0.220337999984622,
        "p50": 0.020021374977659434,
        "p75": 0.020215124997776,
        "p90": 0.040248709032312036,
        "p95": 0.07902912504505366,
        "p99": 0.12016745796427131
      },
      "audible_silence_gap": {
        "count": 93901,
        "mean": 0.007735239741739478,
        "median": 2.1374977659433664e-05,
        "std_dev": 0.022853990427004076,
        "min": 0.0,
        "max": 0.200337999984622,
        "p50": 2.1374977659433664e-05,
        "p75": 0.00021512499777600128,
        "p90": 0.020248709032312035,
        "p95": 0.05902912504505366,
        "p99": 0.1001674579642713
      },
      "transport_delivery": {
        "count": 0,
        "mean": 0.0,
        "median": 0.0,
        "std_dev": 0.0,
        "min": 0.0,
        "max": 0.0,
        "p50": 0.0,
        "p75": 0.0,
        "p90": 0.0,
        "p95": 0.0,
        "p99": 0.0
      },
      "pipeline_latency": {
        "count": 0,
        "mean": 0.0,
        "median": 0.0,
        "std_dev": 0.0,
        "min": 0.0,
        "max": 0.0,
        "p50": 0.0,
        "p75": 0.0,
        "p90": 0.0,
        "p95": 0.0,
        "p99": 0.0
      },
      "resources": {
        "mean_cpu": 0.0,
        "peak_cpu": 0.0,
        "mean_memory_mb": 0.0,
        "peak_memory_mb": 0.0
      }
    }
  ],
  "comparisons": []
}