{
  "summaries": [
    {
      "implementation": "agent-transport-livekit",
      "concurrency": 140,
      "pacing_interval_sec": 0.02,
      "total_sessions": 140,
      "sessions_with_output": 140,
      "jitter_eligible_sessions": 140,
      "total_frames_sent": 409666,
      "total_frames_received": 100933,
      "output_to_input_frame_ratio": 0.2463787573291413,
      "throughput_fps": 776.4539234195418,
      "first_frame_latency": {
        "count": 140,
        "mean": 3.6446573636498734,
        "median": 3.641240541503066,
        "std_dev": 0.009414341752760883,
        "min": 3.640211000049021,
        "max": 3.681528541026637,
        "p50": 3.641240541503066,
        "p75": 3.6416441255132668,
        "p90": 3.661006245185854,
        "p95": 3.6618024917203003,
        "p99": 3.681434258639929
      },
      "post_warmup_rtt": {
        "count": 133,
        "mean": 0.6358419251584455,
        "median": 0.7284897079807706,
        "std_dev": 0.48604517299775235,
        "min": 0.00019220804097130895,
        "max": 1.4309343749773689,
        "p50": 0.7284897079807706,
        "p75": 1.0696544160018675,
        "p90": 1.273287383618299,
        "p95": 1.3372788672102616,
        "p99": 1.4164055054145868
      },
      "rtt_latency": {
        "count": 97499,
        "mean": 23.484031703867448,
        "median": 23.17994737502886,
        "std_dev": 14.756463251761502,
        "min": 0.00017291598487645388,
        "max": 108.46090358303627,
        "p50": 23.17994737502886,
        "p75": 34.57988768801442,
        "p90": 41.51923470842885,
        "p95": 43.579739246121605,
        "p99": 45.46004122035694
      },
      "jitter": {
        "count": 96621,
        "mean": 0.01264692667537064,
        "median": 0.00726567539214288,
        "std_dev": 0.018558607486948795,
        "min": 4.133429053622406e-06,
        "max": 0.252923783626732,
        "p50": 0.00726567539214288,
        "p75": 0.007446674383852082,
        "p90": 0.013112283616185737,
        "p95": 0.033119491664086086,
        "p99": 0.09289485080106985
      },
      "within_phrase_gap": {
        "count": 96621,
        "mean": 0.027246091385047334,
        "median": 0.020020833995658904,
        "std_dev": 0.022458109140950255,
        "min": 2.04198295250535e-06,
        "max": 0.28016987501177937,
        "p50": 0.020020833995658904,
        "p75": 0.020207334018778056,
        "p90": 0.04013120802119374,
        "p95": 0.06036558304913342,
        "p99": 0.12014094218611718
      },
      "audible_silence_gap": {
        "count": 96621,
        "mean": 0.007410479355522947,
        "median": 2.0833995658903898e-05,
        "std_dev": 0.02237302758660003,
        "min": 0.0,
        "max": 0.26016987501177935,
        "p50": 2.0833995658903898e-05,
        "p75": 0.0002073340187780555,
        "p90": 0.020131208021193742,
        "p95": 0.040365583049133416,
        "p99": 0.10014094218611717
      },
      "transport_delivery": {
        "count": 0,
        "mean": 0.0,
        "median": 0.0,
        "std_dev": 0.0,
        "min": 0.0,
        "max": 0.0,
        "p50": 0.0,
        "p75": 0.0,
        "p90": 0.0,
        "p95": 0.0,
        "p99": 0.0
      },
      "pipeline_latency": {
        "count": 0,
        "mean": 0.0,
        "median": 0.0,
        "std_dev": 0.0,
        "min": 0.0,
        "max": 0.0,
        "p50": 0.0,
        "p75": 0.0,
        "p90": 0.0,
        "p95": 0.0,
        "p99": 0.0
      },
      "resources": {
        "mean_cpu": 0.0,
        "peak_cpu": 0.0,
        "mean_memory_mb": 0.0,
        "peak_memory_mb": 0.0
      }
    }
  ],
  "comparisons": []
}