{
  "summaries": [
    {
      "implementation": "agent-transport-livekit",
      "concurrency": 140,
      "pacing_interval_sec": 0.02,
      "total_sessions": 140,
      "sessions_with_output": 140,
      "jitter_eligible_sessions": 140,
      "total_frames_sent": 409666,
      "total_frames_received": 101179,
      "output_to_input_frame_ratio": 0.24697924650813102,
      "throughput_fps": 778.3455963351129,
      "first_frame_latency": {
        "count": 140,
        "mean": 3.644532488981245,
        "median": 3.6411101249977946,
        "std_dev": 0.00895633581260983,
        "min": 3.6401686670142226,
        "max": 3.6817077919840813,
        "p50": 3.6411101249977946,
        "p75": 3.6416286662279163,
        "p90": 3.6606237288739067,
        "p95": 3.661444845807273,
        "p99": 3.681147243482992
      },
      "post_warmup_rtt": {
        "count": 134,
        "mean": 0.6327933618892679,
        "median": 0.7108565625094343,
        "std_dev": 0.4893167835892554,
        "min": 3.98330157622695e-05,
        "max": 1.4311777080292813,
        "p50": 0.7108565625094343,
        "p75": 1.0604242607369088,
        "p90": 1.2799409624247347,
        "p95": 1.347109192018979,
        "p99": 1.410284433811903
      },
      "rtt_latency": {
        "count": 97627,
        "mean": 23.363833228467186,
        "median": 23.018571874999907,
        "std_dev": 14.623058409143217,
        "min": 7.995800115168095e-05,
        "max": 108.33694279100746,
        "p50": 23.018571874999907,
        "p75": 34.478406499983976,
        "p90": 41.396920649963434,
        "p95": 43.53821438745945,
        "p99": 45.417859148893044
      },
      "jitter": {
        "count": 96867,
        "mean": 0.012767657288206535,
        "median": 0.007334862425278987,
        "std_dev": 0.018675559319317227,
        "min": 4.6820435028637614e-05,
        "max": 0.17283517861803238,
        "p50": 0.007334862425278987,
        "p75": 0.007521529387969638,
        "p90": 0.013406595567420033,
        "p95": 0.03366025357688017,
        "p99": 0.09284552871197636
      },
      "within_phrase_gap": {
        "count": 96867,
        "mean": 0.02731477940390643,
        "median": 0.02001966699026525,
        "std_dev": 0.022622767039388217,
        "min": 2.08395067602396e-06,
        "max": 0.2001499580219388,
        "p50": 0.02001966699026525,
        "p75": 0.02020604198332876,
        "p90": 0.04013830840121955,
        "p95": 0.0609750329807866,
        "p99": 0.1201603081158828
      },
      "audible_silence_gap": {
        "count": 96867,
        "mean": 0.007497905529698966,
        "median": 1.966699026524979e-05,
        "std_dev": 0.022526727809005238,
        "min": 0.0,
        "max": 0.1801499580219388,
        "p50": 1.966699026524979e-05,
        "p75": 0.00020604198332875925,
        "p90": 0.020138308401219548,
        "p95": 0.0409750329807866,
        "p99": 0.10016030811588279
      },
      "transport_delivery": {
        "count": 0,
        "mean": 0.0,
        "median": 0.0,
        "std_dev": 0.0,
        "min": 0.0,
        "max": 0.0,
        "p50": 0.0,
        "p75": 0.0,
        "p90": 0.0,
        "p95": 0.0,
        "p99": 0.0
      },
      "pipeline_latency": {
        "count": 0,
        "mean": 0.0,
        "median": 0.0,
        "std_dev": 0.0,
        "min": 0.0,
        "max": 0.0,
        "p50": 0.0,
        "p75": 0.0,
        "p90": 0.0,
        "p95": 0.0,
        "p99": 0.0
      },
      "resources": {
        "mean_cpu": 0.0,
        "peak_cpu": 0.0,
        "mean_memory_mb": 0.0,
        "peak_memory_mb": 0.0
      }
    }
  ],
  "comparisons": []
}