{
  "summaries": [
    {
      "implementation": "agent-transport-livekit",
      "concurrency": 140,
      "pacing_interval_sec": 0.02,
      "total_sessions": 140,
      "sessions_with_output": 140,
      "jitter_eligible_sessions": 140,
      "total_frames_sent": 409663,
      "total_frames_received": 98467,
      "output_to_input_frame_ratio": 0.24036097963448005,
      "throughput_fps": 757.4787212879191,
      "first_frame_latency": {
        "count": 140,
        "mean": 3.6435376747369967,
        "median": 3.641374687984353,
        "std_dev": 0.0063320664366307055,
        "min": 3.6402362500084564,
        "max": 3.662103417038452,
        "p50": 3.641374687984353,
        "p75": 3.64176304153807,
        "p90": 3.6602661503246052,
        "p95": 3.6612033005891136,
        "p99": 3.661721738461056
      },
      "post_warmup_rtt": {
        "count": 135,
        "mean": 0.6228202590201464,
        "median": 0.7283106669783592,
        "std_dev": 0.491030912668813,
        "min": 0.00028024998027831316,
        "max": 1.4495897910092026,
        "p50": 0.7283106669783592,
        "p75": 1.058242875005817,
        "p90": 1.2578081249957904,
        "p95": 1.3389571661129593,
        "p99": 1.4093219909537584
      },
      "rtt_latency": {
        "count": 95103,
        "mean": 23.58010523019844,
        "median": 23.22114604199305,
        "std_dev": 14.82374180111136,
        "min": 0.0008221669704653323,
        "max": 108.56442037498346,
        "p50": 23.22114604199305,
        "p75": 34.801906479522586,
        "p90": 41.901862332830206,
        "p95": 44.00144145357772,
        "p99": 45.78114442911698
      },
      "jitter": {
        "count": 94154,
        "mean": 0.01306218438956513,
        "median": 0.007529812975587427,
        "std_dev": 0.018750143240040953,
        "min": 3.479997428237902e-06,
        "max": 0.17251947802138878,
        "p50": 0.007529812975587427,
        "p75": 0.007758802772184006,
        "p90": 0.01423248702191172,
        "p95": 0.05141227892596631,
        "p99": 0.09267798824639888
      },
      "within_phrase_gap": {
        "count": 94154,
        "mean": 0.027503687999012053,
        "median": 0.020023624994792044,
        "std_dev": 0.022851444867864536,
        "min": 2.2500171326100826e-06,
        "max": 0.20002316602040082,
        "p50": 0.020023624994792044,
        "p75": 0.02024544774030801,
        "p90": 0.040243225084850565,
        "p95": 0.07891596692497836,
        "p99": 0.12018167624541093
      },
      "audible_silence_gap": {
        "count": 94154,
        "mean": 0.007700850898151079,
        "median": 2.3624994792043746e-05,
        "std_dev": 0.02274894339881942,
        "min": 0.0,
        "max": 0.18002316602040083,
        "p50": 2.3624994792043746e-05,
        "p75": 0.00024544774030800867,
        "p90": 0.020243225084850564,
        "p95": 0.05891596692497836,
        "p99": 0.10018167624541092
      },
      "transport_delivery": {
        "count": 0,
        "mean": 0.0,
        "median": 0.0,
        "std_dev": 0.0,
        "min": 0.0,
        "max": 0.0,
        "p50": 0.0,
        "p75": 0.0,
        "p90": 0.0,
        "p95": 0.0,
        "p99": 0.0
      },
      "pipeline_latency": {
        "count": 0,
        "mean": 0.0,
        "median": 0.0,
        "std_dev": 0.0,
        "min": 0.0,
        "max": 0.0,
        "p50": 0.0,
        "p75": 0.0,
        "p90": 0.0,
        "p95": 0.0,
        "p99": 0.0
      },
      "resources": {
        "mean_cpu": 0.0,
        "peak_cpu": 0.0,
        "mean_memory_mb": 0.0,
        "peak_memory_mb": 0.0
      }
    }
  ],
  "comparisons": []
}