{
  "summaries": [
    {
      "implementation": "agent-transport-livekit",
      "concurrency": 140,
      "pacing_interval_sec": 0.02,
      "total_sessions": 140,
      "sessions_with_output": 140,
      "jitter_eligible_sessions": 140,
      "total_frames_sent": 408966,
      "total_frames_received": 96866,
      "output_to_input_frame_ratio": 0.2368558755495567,
      "throughput_fps": 746.2789038788452,
      "first_frame_latency": {
        "count": 140,
        "mean": 3.6439306863379897,
        "median": 3.6413637085061055,
        "std_dev": 0.008232754744984258,
        "min": 3.640479374967981,
        "max": 3.681430708966218,
        "p50": 3.6413637085061055,
        "p75": 3.6417906047281576,
        "p90": 3.644105229806155,
        "p95": 3.661625145870494,
        "p99": 3.6812515144003557
      },
      "post_warmup_rtt": {
        "count": 113,
        "mean": 0.6204432688145569,
        "median": 0.7324030000017956,
        "std_dev": 0.38885704710717844,
        "min": 0.002344665990676731,
        "max": 1.4890566249960102,
        "p50": 0.7324030000017956,
        "p75": 0.9686936250072904,
        "p90": 0.9921469250228256,
        "p95": 1.0489269752171821,
        "p99": 1.3734481249377117
      },
      "rtt_latency": {
        "count": 94865,
        "mean": 23.689987258053748,
        "median": 23.381337583996356,
        "std_dev": 14.797785012224637,
        "min": 0.000745291996281594,
        "max": 108.58778783399612,
        "p50": 23.381337583996356,
        "p75": 34.982806999993045,
        "p90": 42.04268260858953,
        "p95": 44.0635870832135,
        "p99": 45.964272836977614
      },
      "jitter": {
        "count": 92543,
        "mean": 0.013333517264998271,
        "median": 0.007644868957744168,
        "std_dev": 0.018984543305163845,
        "min": 4.63102345429206e-06,
        "max": 0.17245483802265563,
        "p50": 0.007644868957744168,
        "p75": 0.007830577996959166,
        "p90": 0.021705735976741844,
        "p95": 0.05215835471620854,
        "p99": 0.09251532795473077
      },
      "within_phrase_gap": {
        "count": 92543,
        "mean": 0.027628952964608745,
        "median": 0.020014916022773832,
        "std_dev": 0.023199042375961303,
        "min": 1.5829573385417461e-06,
        "max": 0.20008379098726436,
        "p50": 0.020014916022773832,
        "p75": 0.020180416497169062,
        "p90": 0.040309791639447215,
        "p95": 0.07978730768081728,
        "p99": 0.12014428091933951
      },
      "audible_silence_gap": {
        "count": 92543,
        "mean": 0.007886304705864265,
        "median": 1.4916022773831666e-05,
        "std_dev": 0.02305013363269599,
        "min": 0.0,
        "max": 0.18008379098726437,
        "p50": 1.4916022773831666e-05,
        "p75": 0.00018041649716906208,
        "p90": 0.020309791639447215,
        "p95": 0.05978730768081728,
        "p99": 0.10014428091933951
      },
      "transport_delivery": {
        "count": 0,
        "mean": 0.0,
        "median": 0.0,
        "std_dev": 0.0,
        "min": 0.0,
        "max": 0.0,
        "p50": 0.0,
        "p75": 0.0,
        "p90": 0.0,
        "p95": 0.0,
        "p99": 0.0
      },
      "pipeline_latency": {
        "count": 0,
        "mean": 0.0,
        "median": 0.0,
        "std_dev": 0.0,
        "min": 0.0,
        "max": 0.0,
        "p50": 0.0,
        "p75": 0.0,
        "p90": 0.0,
        "p95": 0.0,
        "p99": 0.0
      },
      "resources": {
        "mean_cpu": 0.0,
        "peak_cpu": 0.0,
        "mean_memory_mb": 0.0,
        "peak_memory_mb": 0.0
      }
    }
  ],
  "comparisons": []
}