{
  "summaries": [
    {
      "implementation": "agent-transport-rust-vad",
      "concurrency": 110,
      "pacing_interval_sec": 0.02,
      "total_sessions": 110,
      "sessions_with_output": 110,
      "jitter_eligible_sessions": 110,
      "total_frames_sent": 321522,
      "total_frames_received": 177433,
      "output_to_input_frame_ratio": 0.5518533723975342,
      "throughput_fps": 1364.923685974275,
      "first_frame_latency": {
        "count": 110,
        "mean": 1.5812219556500415,
        "median": 1.581310666515492,
        "std_dev": 0.0005060191673058783,
        "min": 1.5801891660084948,
        "max": 1.5826716250157915,
        "p50": 1.581310666515492,
        "p75": 1.581520146020921,
        "p90": 1.5818085496954155,
        "p95": 1.5819023999938508,
        "p99": 1.5824869125621626
      },
      "post_warmup_rtt": {
        "count": 104,
        "mean": 0.0915828758292124,
        "median": 0.014004374970681965,
        "std_dev": 0.12512687990280855,
        "min": 0.0002258330350741744,
        "max": 0.47928458300884813,
        "p50": 0.014004374970681965,
        "p75": 0.14506157327559777,
        "p90": 0.3012998749967665,
        "p95": 0.3617830456554657,
        "p99": 0.45089839496999046
      },
      "rtt_latency": {
        "count": 140745,
        "mean": 10.611328797417237,
        "median": 10.581679791968782,
        "std_dev": 6.164551787291355,
        "min": 0.00030187499942258,
        "max": 22.583825584035367,
        "p50": 10.581679791968782,
        "p75": 15.881901125016157,
        "p90": 19.081772533187177,
        "p95": 20.22186599181732,
        "p99": 21.68247025044635
      },
      "jitter": {
        "count": 175491,
        "mean": 0.020653170585084077,
        "median": 0.010851227647668112,
        "std_dev": 0.05032871618407776,
        "min": 6.993932924569818e-05,
        "max": 0.46912010639948176,
        "p50": 0.010851227647668112,
        "p75": 0.010975435636515159,
        "p90": 0.011354144631928194,
        "p95": 0.01458289415882564,
        "p99": 0.3889749303359572
      },
      "within_phrase_gap": {
        "count": 175491,
        "mean": 0.03084435264304875,
        "median": 0.020007208979222924,
        "std_dev": 0.054401591226305446,
        "min": 2.1249870769679546e-06,
        "max": 0.4999644590425305,
        "p50": 0.020007208979222924,
        "p75": 0.020131500030402094,
        "p90": 0.020511417009402066,
        "p95": 0.026029541506431997,
        "p99": 0.41981928297900595
      },
      "audible_silence_gap": {
        "count": 175491,
        "mean": 0.010966439819290932,
        "median": 7.208979222923101e-06,
        "std_dev": 0.05437271645434653,
        "min": 0.0,
        "max": 0.4799644590425305,
        "p50": 7.208979222923101e-06,
        "p75": 0.0001315000304020937,
        "p90": 0.000511417009402066,
        "p95": 0.006029541506431996,
        "p99": 0.39981928297900593
      },
      "transport_delivery": {
        "count": 0,
        "mean": 0.0,
        "median": 0.0,
        "std_dev": 0.0,
        "min": 0.0,
        "max": 0.0,
        "p50": 0.0,
        "p75": 0.0,
        "p90": 0.0,
        "p95": 0.0,
        "p99": 0.0
      },
      "pipeline_latency": {
        "count": 0,
        "mean": 0.0,
        "median": 0.0,
        "std_dev": 0.0,
        "min": 0.0,
        "max": 0.0,
        "p50": 0.0,
        "p75": 0.0,
        "p90": 0.0,
        "p95": 0.0,
        "p99": 0.0
      },
      "resources": {
        "mean_cpu": 0.0,
        "peak_cpu": 0.0,
        "mean_memory_mb": 0.0,
        "peak_memory_mb": 0.0
      }
    }
  ],
  "comparisons": []
}