{
  "summaries": [
    {
      "implementation": "agent-transport-rust-vad",
      "concurrency": 110,
      "pacing_interval_sec": 0.02,
      "total_sessions": 110,
      "sessions_with_output": 110,
      "jitter_eligible_sessions": 110,
      "total_frames_sent": 321523,
      "total_frames_received": 177232,
      "output_to_input_frame_ratio": 0.5512265063463578,
      "throughput_fps": 1363.3819518563876,
      "first_frame_latency": {
        "count": 110,
        "mean": 1.581224422671155,
        "median": 1.5813258124981076,
        "std_dev": 0.0005860890818961295,
        "min": 1.5801789170363918,
        "max": 1.5834154579788446,
        "p50": 1.5813258124981076,
        "p75": 1.5816045312676579,
        "p90": 1.581855321180774,
        "p95": 1.5819978725281545,
        "p99": 1.5825731067877495
      },
      "post_warmup_rtt": {
        "count": 103,
        "mean": 0.09246995791259394,
        "median": 0.01823624997632578,
        "std_dev": 0.12546346034942604,
        "min": 0.00019712495850399137,
        "max": 0.48143791599432006,
        "p50": 0.01823624997632578,
        "p75": 0.14766035450156778,
        "p90": 0.30450370019534595,
        "p95": 0.3614035874896217,
        "p99": 0.4502511922025589
      },
      "rtt_latency": {
        "count": 140552,
        "mean": 10.676690868570802,
        "median": 10.681181479507359,
        "std_dev": 6.163725424405539,
        "min": 0.0001461249776184559,
        "max": 22.62364891701145,
        "p50": 10.681181479507359,
        "p75": 15.960988052524044,
        "p90": 19.121207950328245,
        "p95": 20.261367589392467,
        "p99": 21.701124936899287
      },
      "jitter": {
        "count": 175283,
        "mean": 0.02065625431716852,
        "median": 0.01086597758464538,
        "std_dev": 0.05029308990345781,
        "min": 4.143539145816388e-06,
        "max": 0.46907364847950617,
        "p50": 0.01086597758464538,
        "p75": 0.011003518562093605,
        "p90": 0.011452427335344482,
        "p95": 0.01582897305258566,
        "p99": 0.3889741894404588
      },
      "within_phrase_gap": {
        "count": 175283,
        "mean": 0.030858560550287593,
        "median": 0.02000750001752749,
        "std_dev": 0.05436980535603225,
        "min": 5.250039976090193e-06,
        "max": 0.49993220902979374,
        "p50": 0.02000750001752749,
        "p75": 0.020145541988313198,
        "p90": 0.0205987828085199,
        "p95": 0.039346166991162924,
        "p99": 0.4198327499907464
      },
      "audible_silence_gap": {
        "count": 175283,
        "mean": 0.010992260671320813,
        "median": 7.500017527490438e-06,
        "std_dev": 0.054338776984596895,
        "min": 0.0,
        "max": 0.4799322090297937,
        "p50": 7.500017527490438e-06,
        "p75": 0.00014554198831319767,
        "p90": 0.0005987828085199002,
        "p95": 0.01934616699116292,
        "p99": 0.39983274999074636
      },
      "transport_delivery": {
        "count": 0,
        "mean": 0.0,
        "median": 0.0,
        "std_dev": 0.0,
        "min": 0.0,
        "max": 0.0,
        "p50": 0.0,
        "p75": 0.0,
        "p90": 0.0,
        "p95": 0.0,
        "p99": 0.0
      },
      "pipeline_latency": {
        "count": 0,
        "mean": 0.0,
        "median": 0.0,
        "std_dev": 0.0,
        "min": 0.0,
        "max": 0.0,
        "p50": 0.0,
        "p75": 0.0,
        "p90": 0.0,
        "p95": 0.0,
        "p99": 0.0
      },
      "resources": {
        "mean_cpu": 0.0,
        "peak_cpu": 0.0,
        "mean_memory_mb": 0.0,
        "peak_memory_mb": 0.0
      }
    }
  ],
  "comparisons": []
}