{
  "summaries": [
    {
      "implementation": "agent-transport-rust-vad",
      "concurrency": 110,
      "pacing_interval_sec": 0.02,
      "total_sessions": 110,
      "sessions_with_output": 110,
      "jitter_eligible_sessions": 110,
      "total_frames_sent": 321522,
      "total_frames_received": 177256,
      "output_to_input_frame_ratio": 0.5513028657448013,
      "throughput_fps": 1363.5703863892186,
      "first_frame_latency": {
        "count": 110,
        "mean": 1.5812213241614783,
        "median": 1.5813342085166369,
        "std_dev": 0.0005333519381084869,
        "min": 1.5802098750136793,
        "max": 1.5830465409671888,
        "p50": 1.5813342085166369,
        "p75": 1.581511385491467,
        "p90": 1.58177593331784,
        "p95": 1.5820575415331404,
        "p99": 1.5824746692826739
      },
      "post_warmup_rtt": {
        "count": 104,
        "mean": 0.09646567309727498,
        "median": 0.02048899998771958,
        "std_dev": 0.13092485518044403,
        "min": 0.00037291599437594414,
        "max": 0.5013778749853373,
        "p50": 0.02048899998771958,
        "p75": 0.15512828147620894,
        "p90": 0.31148825892596504,
        "p95": 0.38861471072013937,
        "p99": 0.4784502469963627
      },
      "rtt_latency": {
        "count": 140520,
        "mean": 10.615588139739968,
        "median": 10.578602271009004,
        "std_dev": 6.17177593942413,
        "min": 8.566700853407383e-05,
        "max": 22.598508374998346,
        "p50": 10.578602271009004,
        "p75": 15.896596292266622,
        "p90": 19.095828349969814,
        "p95": 20.256006952084135,
        "p99": 21.715817049012404
      },
      "jitter": {
        "count": 175369,
        "mean": 0.02093726101566298,
        "median": 0.01103640597170032,
        "std_dev": 0.05075972754089669,
        "min": 8.885989936074229e-06,
        "max": 0.4689700940009598,
        "p50": 0.01103640597170032,
        "p75": 0.011168948017021636,
        "p90": 0.011575956378092984,
        "p95": 0.015294139206836017,
        "p99": 0.38871652887579244
      },
      "within_phrase_gap": {
        "count": 175369,
        "mean": 0.031029905999040226,
        "median": 0.020007707993499935,
        "std_dev": 0.0549082765971039,
        "min": 5.084031727164984e-06,
        "max": 0.5,
        "p50": 0.020007707993499935,
        "p75": 0.02014245803002268,
        "p90": 0.020570416201371698,
        "p95": 0.04007948320358993,
        "p99": 0.41974643487483265
      },
      "audible_silence_gap": {
        "count": 175369,
        "mean": 0.011156341626999878,
        "median": 7.707993499934257e-06,
        "std_dev": 0.05487861095434367,
        "min": 0.0,
        "max": 0.48,
        "p50": 7.707993499934257e-06,
        "p75": 0.00014245803002268034,
        "p90": 0.0005704162013716992,
        "p95": 0.02007948320358993,
        "p99": 0.39974643487483263
      },
      "transport_delivery": {
        "count": 0,
        "mean": 0.0,
        "median": 0.0,
        "std_dev": 0.0,
        "min": 0.0,
        "max": 0.0,
        "p50": 0.0,
        "p75": 0.0,
        "p90": 0.0,
        "p95": 0.0,
        "p99": 0.0
      },
      "pipeline_latency": {
        "count": 0,
        "mean": 0.0,
        "median": 0.0,
        "std_dev": 0.0,
        "min": 0.0,
        "max": 0.0,
        "p50": 0.0,
        "p75": 0.0,
        "p90": 0.0,
        "p95": 0.0,
        "p99": 0.0
      },
      "resources": {
        "mean_cpu": 0.0,
        "peak_cpu": 0.0,
        "mean_memory_mb": 0.0,
        "peak_memory_mb": 0.0
      }
    }
  ],
  "comparisons": []
}