{
  "summaries": [
    {
      "implementation": "agent-transport-rust-vad",
      "concurrency": 110,
      "pacing_interval_sec": 0.02,
      "total_sessions": 110,
      "sessions_with_output": 110,
      "jitter_eligible_sessions": 110,
      "total_frames_sent": 321521,
      "total_frames_received": 177617,
      "output_to_input_frame_ratio": 0.5524273686633221,
      "throughput_fps": 1366.3579971331942,
      "first_frame_latency": {
        "count": 110,
        "mean": 1.5812914196825163,
        "median": 1.5813683744927403,
        "std_dev": 0.00048018982067928273,
        "min": 1.5801771670230664,
        "max": 1.582805083016865,
        "p50": 1.5813683744927403,
        "p75": 1.581536749508814,
        "p90": 1.5818431338761,
        "p95": 1.581990216174745,
        "p99": 1.5823246885970002
      },
      "post_warmup_rtt": {
        "count": 104,
        "mean": 0.09621843266247126,
        "median": 0.019853958510793746,
        "std_dev": 0.13087613106106608,
        "min": 0.00017800001660361886,
        "max": 0.5006150000263005,
        "p50": 0.019853958510793746,
        "p75": 0.1541530932590831,
        "p90": 0.30991531680338086,
        "p95": 0.38917650803632553,
        "p99": 0.47791008498752485
      },
      "rtt_latency": {
        "count": 141074,
        "mean": 10.615833778842958,
        "median": 10.601593479019357,
        "std_dev": 6.156603663073728,
        "min": 0.0003595419693738222,
        "max": 22.603296415996738,
        "p50": 10.601593479019357,
        "p75": 15.900848457764369,
        "p90": 19.06163574550883,
        "p95": 20.201155481289607,
        "p99": 21.661536109499867
      },
      "jitter": {
        "count": 175677,
        "mean": 0.020611343553016807,
        "median": 0.010819888558718242,
        "std_dev": 0.0502681598648556,
        "min": 0.00010894448355319372,
        "max": 0.4691475704880293,
        "p50": 0.010819888558718242,
        "p75": 0.010942221562391944,
        "p90": 0.011264696928220666,
        "p95": 0.015426255135345084,
        "p99": 0.3890400066329028
      },
      "within_phrase_gap": {
        "count": 175677,
        "mean": 0.030813138525946863,
        "median": 0.02000733301974833,
        "std_dev": 0.05432969150712312,
        "min": 2.2909953258931637e-06,
        "max": 0.49996070901397616,
        "p50": 0.02000733301974833,
        "p75": 0.020128707983531058,
        "p90": 0.020447791367769242,
        "p95": 0.02434365840163052,
        "p99": 0.41985314515884964
      },
      "audible_silence_gap": {
        "count": 175677,
        "mean": 0.010932576399224262,
        "median": 7.3330197483297e-06,
        "std_dev": 0.05430115272848518,
        "min": 0.0,
        "max": 0.47996070901397614,
        "p50": 7.3330197483297e-06,
        "p75": 0.00012870798353105742,
        "p90": 0.0004477913677692409,
        "p95": 0.004343658401630521,
        "p99": 0.3998531451588496
      },
      "transport_delivery": {
        "count": 0,
        "mean": 0.0,
        "median": 0.0,
        "std_dev": 0.0,
        "min": 0.0,
        "max": 0.0,
        "p50": 0.0,
        "p75": 0.0,
        "p90": 0.0,
        "p95": 0.0,
        "p99": 0.0
      },
      "pipeline_latency": {
        "count": 0,
        "mean": 0.0,
        "median": 0.0,
        "std_dev": 0.0,
        "min": 0.0,
        "max": 0.0,
        "p50": 0.0,
        "p75": 0.0,
        "p90": 0.0,
        "p95": 0.0,
        "p99": 0.0
      },
      "resources": {
        "mean_cpu": 0.0,
        "peak_cpu": 0.0,
        "mean_memory_mb": 0.0,
        "peak_memory_mb": 0.0
      }
    }
  ],
  "comparisons": []
}