{
  "summaries": [
    {
      "implementation": "agent-transport-rust-vad",
      "concurrency": 110,
      "pacing_interval_sec": 0.02,
      "total_sessions": 110,
      "sessions_with_output": 110,
      "jitter_eligible_sessions": 110,
      "total_frames_sent": 321522,
      "total_frames_received": 177385,
      "output_to_input_frame_ratio": 0.55170408245781,
      "throughput_fps": 1364.5690555076146,
      "first_frame_latency": {
        "count": 110,
        "mean": 1.5812837424275297,
        "median": 1.581274478987325,
        "std_dev": 0.0005990528334430769,
        "min": 1.5801978750387207,
        "max": 1.5849323340225965,
        "p50": 1.581274478987325,
        "p75": 1.5815502392651979,
        "p90": 1.5819781413010787,
        "p95": 1.5820923164428677,
        "p99": 1.5826156637421809
      },
      "post_warmup_rtt": {
        "count": 106,
        "mean": 0.09690776332951467,
        "median": 0.020767353504197672,
        "std_dev": 0.13096837300514277,
        "min": 0.00029208301566541195,
        "max": 0.5009515000274405,
        "p50": 0.020767353504197672,
        "p75": 0.16367379177245311,
        "p90": 0.31219668747507967,
        "p95": 0.38996280198625755,
        "p99": 0.47827760621148635
      },
      "rtt_latency": {
        "count": 140724,
        "mean": 10.618317839319134,
        "median": 10.581971854524454,
        "std_dev": 6.169269805408977,
        "min": 0.0004190419567748904,
        "max": 22.623859917046502,
        "p50": 10.581971854524454,
        "p75": 15.921524958772352,
        "p90": 19.101995779399296,
        "p95": 20.223238006234173,
        "p99": 21.721742389809805
      },
      "jitter": {
        "count": 175453,
        "mean": 0.020711872600124154,
        "median": 0.010878116796002993,
        "std_dev": 0.050449047744791836,
        "min": 8.607478367657351e-05,
        "max": 0.46910550814799473,
        "p50": 0.010878116796002993,
        "p75": 0.011012449832842955,
        "p90": 0.011432767026336204,
        "p95": 0.01607575023800625,
        "p99": 0.38897278687430054
      },
      "within_phrase_gap": {
        "count": 175453,
        "mean": 0.03087111681953565,
        "median": 0.020007041981443763,
        "std_dev": 0.05453520042101303,
        "min": 2.1249870769679546e-06,
        "max": 0.49997662496753037,
        "p50": 0.020007041981443763,
        "p75": 0.020139875006861985,
        "p90": 0.02056103281211108,
        "p95": 0.026343009027186778,
        "p99": 0.4198439036938362
      },
      "audible_silence_gap": {
        "count": 175453,
        "mean": 0.011005197036645802,
        "median": 7.041981443762363e-06,
        "std_dev": 0.05450304079786387,
        "min": 0.0,
        "max": 0.47997662496753035,
        "p50": 7.041981443762363e-06,
        "p75": 0.0001398750068619843,
        "p90": 0.00056103281211108,
        "p95": 0.006343009027186776,
        "p99": 0.39984390369383616
      },
      "transport_delivery": {
        "count": 0,
        "mean": 0.0,
        "median": 0.0,
        "std_dev": 0.0,
        "min": 0.0,
        "max": 0.0,
        "p50": 0.0,
        "p75": 0.0,
        "p90": 0.0,
        "p95": 0.0,
        "p99": 0.0
      },
      "pipeline_latency": {
        "count": 0,
        "mean": 0.0,
        "median": 0.0,
        "std_dev": 0.0,
        "min": 0.0,
        "max": 0.0,
        "p50": 0.0,
        "p75": 0.0,
        "p90": 0.0,
        "p95": 0.0,
        "p99": 0.0
      },
      "resources": {
        "mean_cpu": 0.0,
        "peak_cpu": 0.0,
        "mean_memory_mb": 0.0,
        "peak_memory_mb": 0.0
      }
    }
  ],
  "comparisons": []
}