{
  "summaries": [
    {
      "implementation": "direct-pipecat",
      "concurrency": 50,
      "pacing_interval_sec": 0.04,
      "total_sessions": 50,
      "sessions_with_output": 50,
      "jitter_eligible_sessions": 50,
      "total_frames_sent": 146908,
      "total_frames_received": 27447,
      "output_to_input_frame_ratio": 0.18683121409317396,
      "throughput_fps": 211.12538086438798,
      "first_frame_latency": {
        "count": 50,
        "mean": 1.8740284025389702,
        "median": 1.8740228335082065,
        "std_dev": 0.001908064664138751,
        "min": 1.8707521249889396,
        "max": 1.8795403330004774,
        "p50": 1.8740228335082065,
        "p75": 1.8754027392569697,
        "p90": 1.876407428830862,
        "p95": 1.8770798796525923,
        "p99": 1.8786820166528924
      },
      "post_warmup_rtt": {
        "count": 45,
        "mean": 0.2419684036195071,
        "median": 0.17666233301861212,
        "std_dev": 0.22940641922430813,
        "min": 0.0001478750491514802,
        "max": 0.7165876249782741,
        "p50": 0.17666233301861212,
        "p75": 0.41740416700486094,
        "p90": 0.6056259918026626,
        "p95": 0.65325610821601,
        "p99": 0.7060644384659828
      },
      "rtt_latency": {
        "count": 26476,
        "mean": 23.682489448019503,
        "median": 23.711610124999424,
        "std_dev": 13.689447927022199,
        "min": 0.00063308299286291,
        "max": 47.931417707994115,
        "p50": 23.711610124999424,
        "p75": 35.53514319800888,
        "p90": 42.613906353974016,
        "p95": 45.05316290599876,
        "p99": 46.960670333501184
      },
      "jitter": {
        "count": 25282,
        "mean": 0.02577079771901941,
        "median": 0.014285780738297331,
        "std_dev": 0.040572467512844095,
        "min": 0.001010238732866424,
        "max": 0.1935714692648468,
        "p50": 0.014285780738297331,
        "p75": 0.0146991657398906,
        "p90": 0.01580615575514123,
        "p95": 0.18337798174323655,
        "p99": 0.18738136448517587
      },
      "within_phrase_gap": {
        "count": 25282,
        "mean": 0.05431415572967701,
        "median": 0.04014054199797101,
        "std_dev": 0.04806515510383177,
        "min": 0.03312525001820177,
        "max": 0.24788562499452382,
        "p50": 0.04014054199797101,
        "p75": 0.040871489778510295,
        "p90": 0.04267093720263802,
        "p95": 0.23769213747291357,
        "p99": 0.24169552021485288
      },
      "audible_silence_gap": {
        "count": 25282,
        "mean": 0.014491317697088483,
        "median": 0.00014054199797101236,
        "std_dev": 0.04801019071844634,
        "min": 0.0,
        "max": 0.20788562499452382,
        "p50": 0.00014054199797101236,
        "p75": 0.000871489778510294,
        "p90": 0.0026709372026380166,
        "p95": 0.19769213747291356,
        "p99": 0.20169552021485287
      },
      "transport_delivery": {
        "count": 0,
        "mean": 0.0,
        "median": 0.0,
        "std_dev": 0.0,
        "min": 0.0,
        "max": 0.0,
        "p50": 0.0,
        "p75": 0.0,
        "p90": 0.0,
        "p95": 0.0,
        "p99": 0.0
      },
      "pipeline_latency": {
        "count": 0,
        "mean": 0.0,
        "median": 0.0,
        "std_dev": 0.0,
        "min": 0.0,
        "max": 0.0,
        "p50": 0.0,
        "p75": 0.0,
        "p90": 0.0,
        "p95": 0.0,
        "p99": 0.0
      },
      "resources": {
        "mean_cpu": 46.64031007751938,
        "peak_cpu": 116.9,
        "mean_memory_mb": 3036.1293604651164,
        "peak_memory_mb": 3545.671875
      }
    }
  ],
  "comparisons": []
}