{
  "summaries": [
    {
      "implementation": "direct-pipecat",
      "concurrency": 50,
      "pacing_interval_sec": 0.04,
      "total_sessions": 50,
      "sessions_with_output": 50,
      "jitter_eligible_sessions": 50,
      "total_frames_sent": 146913,
      "total_frames_received": 27400,
      "output_to_input_frame_ratio": 0.1865049382968151,
      "throughput_fps": 210.7672580687435,
      "first_frame_latency": {
        "count": 50,
        "mean": 1.8752111250546295,
        "median": 1.8748165624856483,
        "std_dev": 0.003804552886617016,
        "min": 1.8697475419612601,
        "max": 1.8918640830088407,
        "p50": 1.8748165624856483,
        "p75": 1.876198479498271,
        "p90": 1.877534437488066,
        "p95": 1.880172510596458,
        "p99": 1.8903010854218154
      },
      "post_warmup_rtt": {
        "count": 44,
        "mean": 0.24704349429256664,
        "median": 0.18487458300660364,
        "std_dev": 0.2307704035068955,
        "min": 0.009589583962224424,
        "max": 0.711993542034179,
        "p50": 0.18487458300660364,
        "p75": 0.4215560520096915,
        "p90": 0.6078532248036936,
        "p95": 0.667624607970356,
        "p99": 0.7032986195042031
      },
      "rtt_latency": {
        "count": 26434,
        "mean": 23.693511174078214,
        "median": 23.717984437011182,
        "std_dev": 13.702519493686792,
        "min": 0.0003682090318761766,
        "max": 47.94242108298931,
        "p50": 23.717984437011182,
        "p75": 35.56050889598555,
        "p90": 42.63551911666291,
        "p95": 45.07481919327692,
        "p99": 46.99461218268086
      },
      "jitter": {
        "count": 25235,
        "mean": 0.02579846410428744,
        "median": 0.014360858409113594,
        "std_dev": 0.040563268175159976,
        "min": 0.00018990038885489946,
        "max": 0.19394789066639972,
        "p50": 0.014360858409113594,
        "p75": 0.014846066847590142,
        "p90": 0.015984158767301002,
        "p95": 0.182144854157318,
        "p99": 0.18769844410600384
      },
      "within_phrase_gap": {
        "count": 25235,
        "mean": 0.05448590037637145,
        "median": 0.0403016249765642,
        "std_dev": 0.04807223185156014,
        "min": 0.03196679096436128,
        "max": 0.2484337910427712,
        "p50": 0.0403016249765642,
        "p75": 0.04119066649582237,
        "p90": 0.042990141815971585,
        "p95": 0.23663075453368945,
        "p99": 0.2421843444823753
      },
      "audible_silence_gap": {
        "count": 25235,
        "mean": 0.014654554687935303,
        "median": 0.0003016249765641979,
        "std_dev": 0.048019293637570855,
        "min": 0.0,
        "max": 0.20843379104277118,
        "p50": 0.0003016249765641979,
        "p75": 0.0011906664958223692,
        "p90": 0.0029901418159715854,
        "p95": 0.19663075453368944,
        "p99": 0.2021843444823753
      },
      "transport_delivery": {
        "count": 0,
        "mean": 0.0,
        "median": 0.0,
        "std_dev": 0.0,
        "min": 0.0,
        "max": 0.0,
        "p50": 0.0,
        "p75": 0.0,
        "p90": 0.0,
        "p95": 0.0,
        "p99": 0.0
      },
      "pipeline_latency": {
        "count": 0,
        "mean": 0.0,
        "median": 0.0,
        "std_dev": 0.0,
        "min": 0.0,
        "max": 0.0,
        "p50": 0.0,
        "p75": 0.0,
        "p90": 0.0,
        "p95": 0.0,
        "p99": 0.0
      },
      "resources": {
        "mean_cpu": 46.451937984496126,
        "peak_cpu": 99.4,
        "mean_memory_mb": 3303.438953488372,
        "peak_memory_mb": 3480.109375
      }
    }
  ],
  "comparisons": []
}