{
  "summaries": [
    {
      "implementation": "direct-pipecat",
      "concurrency": 50,
      "pacing_interval_sec": 0.04,
      "total_sessions": 50,
      "sessions_with_output": 50,
      "jitter_eligible_sessions": 50,
      "total_frames_sent": 146915,
      "total_frames_received": 27369,
      "output_to_input_frame_ratio": 0.1862913929823367,
      "throughput_fps": 210.5303037709666,
      "first_frame_latency": {
        "count": 50,
        "mean": 1.8748084725008811,
        "median": 1.87455418749596,
        "std_dev": 0.0023421961783605173,
        "min": 1.8716786250006407,
        "max": 1.8858394999988377,
        "p50": 1.87455418749596,
        "p75": 1.875876978985616,
        "p90": 1.8770570246793796,
        "p95": 1.8779764564038488,
        "p99": 1.882655561826541
      },
      "post_warmup_rtt": {
        "count": 44,
        "mean": 0.24780632292756558,
        "median": 0.18473314598668367,
        "std_dev": 0.2311089888881229,
        "min": 0.011029790970496833,
        "max": 0.7146157499519177,
        "p50": 0.18473314598668367,
        "p75": 0.4219647599820746,
        "p90": 0.6083449338155333,
        "p95": 0.6681045562494546,
        "p99": 0.7052109150931938
      },
      "rtt_latency": {
        "count": 26399,
        "mean": 23.710412668803166,
        "median": 23.737257042026613,
        "std_dev": 13.721104938544686,
        "min": 0.012129582988563925,
        "max": 47.990289582987316,
        "p50": 23.737257042026613,
        "p75": 35.62539122949238,
        "p90": 42.6566475915839,
        "p95": 45.09705152942333,
        "p99": 46.995538757783365
      },
      "jitter": {
        "count": 25204,
        "mean": 0.026024297992518392,
        "median": 0.014437842831110867,
        "std_dev": 0.04063904221727704,
        "min": 0.00011977932518562884,
        "max": 0.24595038667684205,
        "p50": 0.014437842831110867,
        "p75": 0.01485693558862182,
        "p90": 0.016290763144942287,
        "p95": 0.18249614727464283,
        "p99": 0.18765981594871048
      },
      "within_phrase_gap": {
        "count": 25204,
        "mean": 0.05447536335196561,
        "median": 0.040170687483623624,
        "std_dev": 0.04825759876269251,
        "min": 2.9579969123005867e-06,
        "max": 0.30042575002880767,
        "p50": 0.040170687483623624,
        "p75": 0.04094669748155866,
        "p90": 0.04301418379181996,
        "p95": 0.23697151062660846,
        "p99": 0.2421351793006761
      },
      "audible_silence_gap": {
        "count": 25204,
        "mean": 0.014717836185672864,
        "median": 0.00017068748362362302,
        "std_dev": 0.04816591485740707,
        "min": 0.0,
        "max": 0.2604257500288077,
        "p50": 0.00017068748362362302,
        "p75": 0.0009466974815586573,
        "p90": 0.00301418379181996,
        "p95": 0.19697151062660845,
        "p99": 0.2021351793006761
      },
      "transport_delivery": {
        "count": 0,
        "mean": 0.0,
        "median": 0.0,
        "std_dev": 0.0,
        "min": 0.0,
        "max": 0.0,
        "p50": 0.0,
        "p75": 0.0,
        "p90": 0.0,
        "p95": 0.0,
        "p99": 0.0
      },
      "pipeline_latency": {
        "count": 0,
        "mean": 0.0,
        "median": 0.0,
        "std_dev": 0.0,
        "min": 0.0,
        "max": 0.0,
        "p50": 0.0,
        "p75": 0.0,
        "p90": 0.0,
        "p95": 0.0,
        "p99": 0.0
      },
      "resources": {
        "mean_cpu": 46.67674418604651,
        "peak_cpu": 133.1,
        "mean_memory_mb": 2726.1312984496126,
        "peak_memory_mb": 3597.828125
      }
    }
  ],
  "comparisons": []
}