{
  "summaries": [
    {
      "implementation": "direct-pipecat",
      "concurrency": 50,
      "pacing_interval_sec": 0.04,
      "total_sessions": 50,
      "sessions_with_output": 50,
      "jitter_eligible_sessions": 50,
      "total_frames_sent": 146917,
      "total_frames_received": 26725,
      "output_to_input_frame_ratio": 0.18190542959630268,
      "throughput_fps": 205.57524889106713,
      "first_frame_latency": {
        "count": 50,
        "mean": 1.8737611540977377,
        "median": 1.8733120829856489,
        "std_dev": 0.0017954747528112285,
        "min": 1.8703790410072543,
        "max": 1.8792679169564508,
        "p50": 1.8733120829856489,
        "p75": 1.874838790987269,
        "p90": 1.8758430292073172,
        "p95": 1.8766813473863295,
        "p99": 1.878699230804923
      },
      "post_warmup_rtt": {
        "count": 43,
        "mean": 0.2533602818784434,
        "median": 0.1916105829877779,
        "std_dev": 0.23212827112961298,
        "min": 0.011298083001747727,
        "max": 0.7293208750197664,
        "p50": 0.1916105829877779,
        "p75": 0.43366277049062774,
        "p90": 0.6104606082313695,
        "p95": 0.6680765622062609,
        "p99": 0.714447905147681
      },
      "rtt_latency": {
        "count": 25758,
        "mean": 23.95903186028653,
        "median": 24.600855791504728,
        "std_dev": 13.992306726594864,
        "min": 0.0024326659622602165,
        "max": 48.16702225001063,
        "p50": 24.600855791504728,
        "p75": 36.137208759755595,
        "p90": 42.99611721682013,
        "p95": 45.43205595436447,
        "p99": 47.28090090695768
      },
      "jitter": {
        "count": 24567,
        "mean": 0.026103139529031063,
        "median": 0.01447298031114512,
        "std_dev": 0.04088566342502445,
        "min": 0.0001969777252478072,
        "max": 0.42421376970316743,
        "p50": 0.01447298031114512,
        "p75": 0.014853730794745543,
        "p90": 0.01613706386695155,
        "p95": 0.1833116482857102,
        "p99": 0.18726871425588143
      },
      "within_phrase_gap": {
        "count": 24567,
        "mean": 0.05450827229349413,
        "median": 0.04015004099346697,
        "std_dev": 0.04850784850904487,
        "min": 0.011198542022611946,
        "max": 0.4787220419966616,
        "p50": 0.04015004099346697,
        "p75": 0.04091295800753869,
        "p90": 0.042639433604199445,
        "p95": 0.23781992057920434,
        "p99": 0.24177698654937557
      },
      "audible_silence_gap": {
        "count": 24567,
        "mean": 0.014702849393090313,
        "median": 0.00015004099346697247,
        "std_dev": 0.04844294415272793,
        "min": 0.0,
        "max": 0.4387220419966616,
        "p50": 0.00015004099346697247,
        "p75": 0.0009129580075386903,
        "p90": 0.002639433604199441,
        "p95": 0.19781992057920433,
        "p99": 0.20177698654937556
      },
      "transport_delivery": {
        "count": 0,
        "mean": 0.0,
        "median": 0.0,
        "std_dev": 0.0,
        "min": 0.0,
        "max": 0.0,
        "p50": 0.0,
        "p75": 0.0,
        "p90": 0.0,
        "p95": 0.0,
        "p99": 0.0
      },
      "pipeline_latency": {
        "count": 0,
        "mean": 0.0,
        "median": 0.0,
        "std_dev": 0.0,
        "min": 0.0,
        "max": 0.0,
        "p50": 0.0,
        "p75": 0.0,
        "p90": 0.0,
        "p95": 0.0,
        "p99": 0.0
      },
      "resources": {
        "mean_cpu": 46.94769230769231,
        "peak_cpu": 138.6,
        "mean_memory_mb": 1739.4368990384614,
        "peak_memory_mb": 2937.390625
      }
    }
  ],
  "comparisons": []
}