{
  "summaries": [
    {
      "implementation": "direct-pipecat",
      "concurrency": 50,
      "pacing_interval_sec": 0.04,
      "total_sessions": 50,
      "sessions_with_output": 50,
      "jitter_eligible_sessions": 50,
      "total_frames_sent": 146914,
      "total_frames_received": 27400,
      "output_to_input_frame_ratio": 0.18650366881304709,
      "throughput_fps": 210.7641960729915,
      "first_frame_latency": {
        "count": 50,
        "mean": 1.8743795175431297,
        "median": 1.8738586245162878,
        "std_dev": 0.0020556854406887236,
        "min": 1.8709167080232874,
        "max": 1.8793421249720268,
        "p50": 1.8738586245162878,
        "p75": 1.8758476147340843,
        "p90": 1.8774383088981268,
        "p95": 1.8782605651358608,
        "p99": 1.87897787122929
      },
      "post_warmup_rtt": {
        "count": 43,
        "mean": 0.2504958915307598,
        "median": 0.1931017090100795,
        "std_dev": 0.23261910423949095,
        "min": 0.00042462500277906656,
        "max": 0.7140966660226695,
        "p50": 0.1931017090100795,
        "p75": 0.42765768797835335,
        "p90": 0.6110862582223491,
        "p95": 0.6668599461205303,
        "p99": 0.7066796764347236
      },
      "rtt_latency": {
        "count": 26429,
        "mean": 23.689146061953185,
        "median": 23.712669958011247,
        "std_dev": 13.699667174167237,
        "min": 0.0007826249930076301,
        "max": 47.89263100002427,
        "p50": 23.712669958011247,
        "p75": 35.5432371670031,
        "p90": 42.633167266403326,
        "p95": 45.0796316580032,
        "p99": 46.965397946529556
      },
      "jitter": {
        "count": 25235,
        "mean": 0.02579170303280799,
        "median": 0.014378034300701364,
        "std_dev": 0.0405603356567276,
        "min": 0.0009600343420818891,
        "max": 0.19399875766777466,
        "p50": 0.014378034300701364,
        "p75": 0.014855451294518679,
        "p90": 0.01611275948869963,
        "p95": 0.1822687493922937,
        "p99": 0.18783604186557265
      },
      "within_phrase_gap": {
        "count": 25235,
        "mean": 0.05448465930583854,
        "median": 0.04029154096497223,
        "std_dev": 0.04806612917553238,
        "min": 0.032193582970649004,
        "max": 0.2484834169736132,
        "p50": 0.04029154096497223,
        "p75": 0.04127456250716932,
        "p90": 0.0430198920192197,
        "p95": 0.23675340869813224,
        "p99": 0.2423207011714112
      },
      "audible_silence_gap": {
        "count": 25235,
        "mean": 0.014664472033424246,
        "median": 0.000291540964972227,
        "std_dev": 0.048009353930746373,
        "min": 0.0,
        "max": 0.2084834169736132,
        "p50": 0.000291540964972227,
        "p75": 0.0012745625071693203,
        "p90": 0.0030198920192196963,
        "p95": 0.19675340869813224,
        "p99": 0.20232070117141118
      },
      "transport_delivery": {
        "count": 0,
        "mean": 0.0,
        "median": 0.0,
        "std_dev": 0.0,
        "min": 0.0,
        "max": 0.0,
        "p50": 0.0,
        "p75": 0.0,
        "p90": 0.0,
        "p95": 0.0,
        "p99": 0.0
      },
      "pipeline_latency": {
        "count": 0,
        "mean": 0.0,
        "median": 0.0,
        "std_dev": 0.0,
        "min": 0.0,
        "max": 0.0,
        "p50": 0.0,
        "p75": 0.0,
        "p90": 0.0,
        "p95": 0.0,
        "p99": 0.0
      },
      "resources": {
        "mean_cpu": 45.82692307692308,
        "peak_cpu": 93.2,
        "mean_memory_mb": 3227.0431490384617,
        "peak_memory_mb": 3430.9375
      }
    }
  ],
  "comparisons": []
}